substance_id,original_names,standardized_name,chinese_name,english_name,salt_ester_hydrate_form,base_substance_group,default_analytical_role,normalization_confirmed,source_id
S00001,,,,,,,active,false,SRC002
S00002,20% CHLORHEXIDINE GLUCONATE SOLUTION,20% CHLORHEXIDINE GLUCONATE SOLUTION,,20% CHLORHEXIDINE GLUCONATE SOLUTION,20% CHLORHEXIDINE GLUCONATE SOLUTION,20% CHLORHEXIDINE GLUCONATE SOLUTION,active,false,SRC002
S00003,ACETYLCHOLINE CHLORIDE,ACETYLCHOLINE CHLORIDE,,ACETYLCHOLINE CHLORIDE,ACETYLCHOLINE CHLORIDE,ACETYLCHOLINE CHLORIDE,active,false,SRC002
S00004,ACRIFLAVINE,ACRIFLAVINE,,ACRIFLAVINE,ACRIFLAVINE,ACRIFLAVINE,active,false,SRC002
S00005,ACYCLOVIR,ACYCLOVIR,,ACYCLOVIR,ACYCLOVIR,ACYCLOVIR,active,false,SRC002
S00006,ALLANTOIN,ALLANTOIN,,ALLANTOIN,ALLANTOIN,ALLANTOIN,active,false,SRC002
S00007,AMINACRINE HCL,AMINACRINE HCL,,AMINACRINE HCL,AMINACRINE HCL,AMINACRINE HCL,active,false,SRC002
S00008,AMINOCAPROIC ACID EPSILON-,AMINOCAPROIC ACID EPSILON-,,AMINOCAPROIC ACID EPSILON-,AMINOCAPROIC ACID EPSILON-,AMINOCAPROIC ACID EPSILON-,active,false,SRC002
S00009,AMINOETHYLSULFONIC ACID,AMINOETHYLSULFONIC ACID,,AMINOETHYLSULFONIC ACID,AMINOETHYLSULFONIC ACID,TAURINE,active,false,SRC002
S00010,AMPHOMYCIN (CALCIUM),AMPHOMYCIN (CALCIUM),,AMPHOMYCIN (CALCIUM),AMPHOMYCIN (CALCIUM),AMPHOMYCIN,active,false,SRC002
S00011,ANTAZOLINE HCL,ANTAZOLINE HCL,,ANTAZOLINE HCL,ANTAZOLINE HCL,ANTAZOLINE HCL,active,false,SRC002
S00012,ANTAZOLINE PHOSPHATE,ANTAZOLINE PHOSPHATE,,ANTAZOLINE PHOSPHATE,ANTAZOLINE PHOSPHATE,ANTAZOLINE PHOSPHATE,buffer,false,SRC002
S00013,ANTAZOLINE SULPHATE,ANTAZOLINE SULPHATE,,ANTAZOLINE SULPHATE,ANTAZOLINE SULPHATE,ANTAZOLINE SULPHATE,active,false,SRC002
S00014,ANTIPYRINE,ANTIPYRINE,,ANTIPYRINE,ANTIPYRINE,ANTIPYRINE,active,false,SRC002
S00015,ASPARTATE MAGNESIUM L-,ASPARTATE MAGNESIUM L-,,ASPARTATE MAGNESIUM L-,ASPARTATE MAGNESIUM L-,ASPARTATE MAGNESIUM L-,active,false,SRC002
S00016,ASPARTATE POTASSIUM L- (eq to POTASSIUM L-ASPARTATE),ASPARTATE POTASSIUM L- (EQ TO POTASSIUM L-ASPARTATE),,ASPARTATE POTASSIUM L- (EQ TO POTASSIUM L-ASPARTATE),ASPARTATE POTASSIUM L- (EQ TO POTASSIUM L-ASPARTATE),ASPARTATE POTASSIUM L-,active,false,SRC002
S00017,ASPARTATE POTASSIUM MAGNESIUM,ASPARTATE POTASSIUM MAGNESIUM,,ASPARTATE POTASSIUM MAGNESIUM,ASPARTATE POTASSIUM MAGNESIUM,ASPARTATE POTASSIUM MAGNESIUM,active,false,SRC002
S00018,ASPARTATE POTASSIUM MAGNESIUM L- ( EQ TO MAGNESIUM POTASSIUM L-ASPARTATE),ASPARTATE POTASSIUM MAGNESIUM L- ( EQ TO MAGNESIUM POTASSIUM L-ASPARTATE),,ASPARTATE POTASSIUM MAGNESIUM L- ( EQ TO MAGNESIUM POTASSIUM L-ASPARTATE),ASPARTATE POTASSIUM MAGNESIUM L- ( EQ TO MAGNESIUM POTASSIUM L-ASPARTATE),ASPARTATE POTASSIUM MAGNESIUM L-,active,false,SRC002
S00019,ATROPINE SULFATE,ATROPINE SULFATE,,ATROPINE SULFATE,ATROPINE SULFATE,ATROPINE,active,false,SRC002
S00020,Atropine sulfate monohydrate,ATROPINE SULFATE MONOHYDRATE,,ATROPINE SULFATE MONOHYDRATE,ATROPINE SULFATE MONOHYDRATE,ATROPINE,active,false,SRC002
S00021,AZAPENTACENE POLYSULFONATE SODIUM,AZAPENTACENE POLYSULFONATE SODIUM,,AZAPENTACENE POLYSULFONATE SODIUM,AZAPENTACENE POLYSULFONATE SODIUM,AZAPENTACENE POLYSULFONATE SODIUM,active,false,SRC002
S00022,AZULENE,AZULENE,,AZULENE,AZULENE,AZULENE,active,false,SRC002
S00023,AZULENE WATER SOLUBLE,AZULENE WATER SOLUBLE,,AZULENE WATER SOLUBLE,AZULENE WATER SOLUBLE,AZULENE WATER SOLUBLE,active,false,SRC002
S00024,BACITRACIN,BACITRACIN,,BACITRACIN,BACITRACIN,BACITRACIN,active,false,SRC002
S00025,BENOXINATE HCL,BENOXINATE HCL,,BENOXINATE HCL,BENOXINATE HCL,BENOXINATE HCL,active,false,SRC002
S00026,BENZALKONIUM CHLORIDE,BENZALKONIUM CHLORIDE,,BENZALKONIUM CHLORIDE,BENZALKONIUM CHLORIDE,BENZALKONIUM CHLORIDE,preservative,false,SRC002
S00027,BENZETHONIUM CHLORIDE,BENZETHONIUM CHLORIDE,,BENZETHONIUM CHLORIDE,BENZETHONIUM CHLORIDE,BENZETHONIUM CHLORIDE,active,false,SRC002
S00028,BENZOCAINE (ETHYL AMINOBENZOATE),BENZOCAINE (ETHYL AMINOBENZOATE),,BENZOCAINE (ETHYL AMINOBENZOATE),BENZOCAINE (ETHYL AMINOBENZOATE),BENZOCAINE,active,false,SRC002
S00029,BERBERINE CHLORIDE,BERBERINE CHLORIDE,,BERBERINE CHLORIDE,BERBERINE CHLORIDE,BERBERINE CHLORIDE,active,false,SRC002
S00030,BERBERINE HCL,BERBERINE HCL,,BERBERINE HCL,BERBERINE HCL,BERBERINE HCL,active,false,SRC002
S00031,BERBERINE SULFATE,BERBERINE SULFATE,,BERBERINE SULFATE,BERBERINE SULFATE,BERBERINE SULFATE,active,false,SRC002
S00032,BESIFLOXACIN HYDROCHLORIDE,BESIFLOXACIN HYDROCHLORIDE,,BESIFLOXACIN HYDROCHLORIDE,BESIFLOXACIN HYDROCHLORIDE,BESIFLOXACIN HYDROCHLORIDE,active,false,SRC002
S00033,BETAMETHASONE,BETAMETHASONE,,BETAMETHASONE,BETAMETHASONE,BETAMETHASONE,active,false,SRC002
S00034,BETAMETHASONE (AS SODIUM PHOSPHATE),BETAMETHASONE (AS SODIUM PHOSPHATE),,BETAMETHASONE (AS SODIUM PHOSPHATE),BETAMETHASONE (AS SODIUM PHOSPHATE),BETAMETHASONE,buffer,false,SRC002
S00035,BETAMETHASONE (DISODIUM PHOSPHATE),BETAMETHASONE (DISODIUM PHOSPHATE),,BETAMETHASONE (DISODIUM PHOSPHATE),BETAMETHASONE (DISODIUM PHOSPHATE),BETAMETHASONE,buffer,false,SRC002
S00036,BETAMETHASONE (SODIUM PHOSPHATE),BETAMETHASONE (SODIUM PHOSPHATE),,BETAMETHASONE (SODIUM PHOSPHATE),BETAMETHASONE (SODIUM PHOSPHATE),BETAMETHASONE,buffer,false,SRC002
S00037,BETAMETHASONE DISODIUM PHOSPHATE,BETAMETHASONE DISODIUM PHOSPHATE,,BETAMETHASONE DISODIUM PHOSPHATE,BETAMETHASONE DISODIUM PHOSPHATE,BETAMETHASONE,buffer,false,SRC002
S00038,BETAMETHASONE PHOSPHATE,BETAMETHASONE PHOSPHATE,,BETAMETHASONE PHOSPHATE,BETAMETHASONE PHOSPHATE,BETAMETHASONE,buffer,false,SRC002
S00039,BETAMETHASONE SODIUM PHOSPHATE,BETAMETHASONE SODIUM PHOSPHATE,,BETAMETHASONE SODIUM PHOSPHATE,BETAMETHASONE SODIUM PHOSPHATE,BETAMETHASONE,buffer,false,SRC002
S00040,BETAXOLOL (HCL),BETAXOLOL (HCL),,BETAXOLOL (HCL),BETAXOLOL (HCL),BETAXOLOL,active,false,SRC002
S00041,BETAXOLOL HCL,BETAXOLOL HCL,,BETAXOLOL HCL,BETAXOLOL HCL,BETAXOLOL HCL,active,false,SRC002
S00042,BIMATOPROST,BIMATOPROST,,BIMATOPROST,BIMATOPROST,BIMATOPROST,active,false,SRC002
S00043,BORIC ACID,BORIC ACID,,BORIC ACID,BORIC ACID,BORIC ACID,buffer,false,SRC002
S00044,BRIMONIDINE TARTRATE,BRIMONIDINE TARTRATE,,BRIMONIDINE TARTRATE,BRIMONIDINE TARTRATE,BRIMONIDINE,active,false,SRC002
S00045,BRINZOLAMIDE,BRINZOLAMIDE,,BRINZOLAMIDE,BRINZOLAMIDE,BRINZOLAMIDE,active,false,SRC002
S00046,BROMFENAC SODIUM HYDRATE,BROMFENAC SODIUM HYDRATE,,BROMFENAC SODIUM HYDRATE,BROMFENAC SODIUM HYDRATE,BROMFENAC SODIUM HYDRATE,active,false,SRC002
S00047,CALCIUM CHLORIDE,CALCIUM CHLORIDE,,CALCIUM CHLORIDE,CALCIUM CHLORIDE,CALCIUM CHLORIDE,active,false,SRC002
S00048,Calcium chloride hydrate,CALCIUM CHLORIDE HYDRATE,,CALCIUM CHLORIDE HYDRATE,CALCIUM CHLORIDE HYDRATE,CALCIUM CHLORIDE HYDRATE,active,false,SRC002
S00049,CALF BLOOD DRIED PROTEIN-FREE STANDARDIZED DIALYSATE,CALF BLOOD DRIED PROTEIN-FREE STANDARDIZED DIALYSATE,,CALF BLOOD DRIED PROTEIN-FREE STANDARDIZED DIALYSATE,CALF BLOOD DRIED PROTEIN-FREE STANDARDIZED DIALYSATE,CALF BLOOD DRIED PROTEIN-FREE STANDARDIZED DIALYSATE,active,false,SRC002
S00050,CARBACHOL,CARBACHOL,,CARBACHOL,CARBACHOL,CARBACHOL,active,false,SRC002
S00051,CARBOMER (CARBOPOL 980 NF),CARBOMER (CARBOPOL 980 NF),,CARBOMER (CARBOPOL 980 NF),CARBOMER (CARBOPOL 980 NF),CARBOMER,viscosity_agent,false,SRC002
S00052,CARBOMER (CARBOXYPOLYMETHYLENE),CARBOMER (CARBOXYPOLYMETHYLENE),,CARBOMER (CARBOXYPOLYMETHYLENE),CARBOMER (CARBOXYPOLYMETHYLENE),CARBOMER,viscosity_agent,false,SRC002
S00053,CARBOMER 940,CARBOMER 940,,CARBOMER 940,CARBOMER 940,CARBOMER 940,viscosity_agent,false,SRC002
S00054,CARBOXYMETHYLCELLULOSE SODIUM (EQ TO SODIUM CARBOXYMETHYLCELLULOSE),CARBOXYMETHYLCELLULOSE SODIUM (EQ TO SODIUM CARBOXYMETHYLCELLULOSE),,CARBOXYMETHYLCELLULOSE SODIUM (EQ TO SODIUM CARBOXYMETHYLCELLULOSE),CARBOXYMETHYLCELLULOSE SODIUM (EQ TO SODIUM CARBOXYMETHYLCELLULOSE),CARBOXYMETHYLCELLULOSE,viscosity_agent,false,SRC002
S00055,CARTEOLOL HCL,CARTEOLOL HCL,,CARTEOLOL HCL,CARTEOLOL HCL,CARTEOLOL,active,false,SRC002
S00056,CETRIMIDE,CETRIMIDE,,CETRIMIDE,CETRIMIDE,CETRIMIDE,preservative,false,SRC002
S00057,CHLORAMPHENICOL,CHLORAMPHENICOL,,CHLORAMPHENICOL,CHLORAMPHENICOL,CHLORAMPHENICOL,active,false,SRC002
S00058,CHLORAMPHENICOL D-,CHLORAMPHENICOL D-,,CHLORAMPHENICOL D-,CHLORAMPHENICOL D-,CHLORAMPHENICOL,active,false,SRC002
S00059,CHLORHEXIDINE ACETATE,CHLORHEXIDINE ACETATE,,CHLORHEXIDINE ACETATE,CHLORHEXIDINE ACETATE,CHLORHEXIDINE ACETATE,active,false,SRC002
S00060,CHLORHEXIDINE DI-ACETATE,CHLORHEXIDINE DI-ACETATE,,CHLORHEXIDINE DI-ACETATE,CHLORHEXIDINE DI-ACETATE,CHLORHEXIDINE DI-ACETATE,active,false,SRC002
S00061,CHLORHEXIDINE GLUCONATE,CHLORHEXIDINE GLUCONATE,,CHLORHEXIDINE GLUCONATE,CHLORHEXIDINE GLUCONATE,CHLORHEXIDINE GLUCONATE,active,false,SRC002
S00062,CHLORHEXIDINE HCL,CHLORHEXIDINE HCL,,CHLORHEXIDINE HCL,CHLORHEXIDINE HCL,CHLORHEXIDINE HCL,active,false,SRC002
S00063,CHLOROBUTANOL (TRICHLORISOBUTYLIC ALCOHOL),CHLOROBUTANOL (TRICHLORISOBUTYLIC ALCOHOL),,CHLOROBUTANOL (TRICHLORISOBUTYLIC ALCOHOL),CHLOROBUTANOL (TRICHLORISOBUTYLIC ALCOHOL),CHLOROBUTANOL,preservative,false,SRC002
S00064,CHLOROBUTANOL ANHYDROUS,CHLOROBUTANOL ANHYDROUS,,CHLOROBUTANOL ANHYDROUS,CHLOROBUTANOL ANHYDROUS,CHLOROBUTANOL,preservative,false,SRC002
S00065,CHLOROPREDNISON ACETATE,CHLOROPREDNISON ACETATE,,CHLOROPREDNISON ACETATE,CHLOROPREDNISON ACETATE,CHLOROPREDNISON ACETATE,active,false,SRC002
S00066,CHLORPHENIRAMINE MALEATE,CHLORPHENIRAMINE MALEATE,,CHLORPHENIRAMINE MALEATE,CHLORPHENIRAMINE MALEATE,CHLORPHENIRAMINE,active,false,SRC002
S00067,CHLORTETRACYCLINE HCL,CHLORTETRACYCLINE HCL,,CHLORTETRACYCLINE HCL,CHLORTETRACYCLINE HCL,CHLORTETRACYCLINE HCL,active,false,SRC002
S00068,CHONDROITIN SULFATE,CHONDROITIN SULFATE,,CHONDROITIN SULFATE,CHONDROITIN SULFATE,CHONDROITIN SULFATE,active,false,SRC002
S00069,CHONDROITIN SULFATE SODIUM (EQ TO SODIUM CHONDROITIN SULFATE ),CHONDROITIN SULFATE SODIUM (EQ TO SODIUM CHONDROITIN SULFATE ),,CHONDROITIN SULFATE SODIUM (EQ TO SODIUM CHONDROITIN SULFATE ),CHONDROITIN SULFATE SODIUM (EQ TO SODIUM CHONDROITIN SULFATE ),CHONDROITIN SULFATE,active,false,SRC002
S00070,CHONDROITIN SULFURIC ACID (SODIUM),CHONDROITIN SULFURIC ACID (SODIUM),,CHONDROITIN SULFURIC ACID (SODIUM),CHONDROITIN SULFURIC ACID (SODIUM),CHONDROITIN SULFATE,active,false,SRC002
S00071,CHYMOTRYPSIN,CHYMOTRYPSIN,,CHYMOTRYPSIN,CHYMOTRYPSIN,CHYMOTRYPSIN,active,false,SRC002
S00072,CHYMOTRYPSIN ALPHA-,CHYMOTRYPSIN ALPHA-,,CHYMOTRYPSIN ALPHA-,CHYMOTRYPSIN ALPHA-,CHYMOTRYPSIN ALPHA-,active,false,SRC002
S00073,Ciclosporin,CICLOSPORIN,,CICLOSPORIN,CICLOSPORIN,CICLOSPORIN,active,false,SRC002
S00074,CIPROFLOXACIN (HCL),CIPROFLOXACIN (HCL),,CIPROFLOXACIN (HCL),CIPROFLOXACIN (HCL),CIPROFLOXACIN,active,false,SRC002
S00075,CIPROFLOXACIN HCL,CIPROFLOXACIN HCL,,CIPROFLOXACIN HCL,CIPROFLOXACIN HCL,CIPROFLOXACIN HCL,active,false,SRC002
S00076,CITRIC ACID,CITRIC ACID,,CITRIC ACID,CITRIC ACID,CITRIC ACID,buffer,false,SRC002
S00077,CITRIC ACID MONOHYDRATE,CITRIC ACID MONOHYDRATE,,CITRIC ACID MONOHYDRATE,CITRIC ACID MONOHYDRATE,CITRIC ACID MONOHYDRATE,buffer,false,SRC002
S00078,COLISTIMETHATE (SODIUM),COLISTIMETHATE (SODIUM),,COLISTIMETHATE (SODIUM),COLISTIMETHATE (SODIUM),COLISTIMETHATE,active,false,SRC002
S00079,COLISTIN (METHASULFANATE SODIUM),COLISTIN (METHASULFANATE SODIUM),,COLISTIN (METHASULFANATE SODIUM),COLISTIN (METHASULFANATE SODIUM),COLISTIN,active,false,SRC002
S00080,COLISTIN SODIUM METHANESULFONATE (COLISTIMETHATE SOD.),COLISTIN SODIUM METHANESULFONATE (COLISTIMETHATE SOD.),,COLISTIN SODIUM METHANESULFONATE (COLISTIMETHATE SOD.),COLISTIN SODIUM METHANESULFONATE (COLISTIMETHATE SOD.),COLISTIN SODIUM METHANESULFONATE,active,false,SRC002
S00081,CORTISONE ACETATE,CORTISONE ACETATE,,CORTISONE ACETATE,CORTISONE ACETATE,CORTISONE ACETATE,active,false,SRC002
S00082,CROMOLYN SODIUM (EQ TO SODIUM CROMOGLICATE)(EQ TO SODIUM CROMOGLYCATE),CROMOLYN SODIUM (EQ TO SODIUM CROMOGLICATE)(EQ TO SODIUM CROMOGLYCATE),,CROMOLYN SODIUM (EQ TO SODIUM CROMOGLICATE)(EQ TO SODIUM CROMOGLYCATE),CROMOLYN SODIUM (EQ TO SODIUM CROMOGLICATE)(EQ TO SODIUM CROMOGLYCATE),CROMOGLICIC ACID,active,false,SRC002
S00083,CYANOCOBALAMIN,CYANOCOBALAMIN,,CYANOCOBALAMIN,CYANOCOBALAMIN,CYANOCOBALAMIN,active,false,SRC002
S00084,CYANOCOBALAMIN (VIT B12),CYANOCOBALAMIN (VIT B12),,CYANOCOBALAMIN (VIT B12),CYANOCOBALAMIN (VIT B12),CYANOCOBALAMIN,active,false,SRC002
S00085,CYANOCOBALAMINE(1% SPRAY DRIED),CYANOCOBALAMINE(1% SPRAY DRIED),,CYANOCOBALAMINE(1% SPRAY DRIED),CYANOCOBALAMINE(1% SPRAY DRIED),CYANOCOBALAMINE,active,false,SRC002
S00086,CYCLOPENTOLATE HCL,CYCLOPENTOLATE HCL,,CYCLOPENTOLATE HCL,CYCLOPENTOLATE HCL,CYCLOPENTOLATE HCL,active,false,SRC002
S00087,CYCLOSPORIN,CYCLOSPORIN,,CYCLOSPORIN,CYCLOSPORIN,CYCLOSPORIN,active,false,SRC002
S00088,D-ALPHA-TOCOPHEROL ACETATE,D-ALPHA-TOCOPHEROL ACETATE,,D-ALPHA-TOCOPHEROL ACETATE,D-ALPHA-TOCOPHEROL ACETATE,D-ALPHA-TOCOPHEROL ACETATE,active,false,SRC002
S00089,D-BORNEOL,D-BORNEOL,,D-BORNEOL,D-BORNEOL,D-BORNEOL,active,false,SRC002
S00090,DEXAMETHASONE,DEXAMETHASONE,,DEXAMETHASONE,DEXAMETHASONE,DEXAMETHASONE,active,false,SRC002
S00091,DEXAMETHASONE (PHOSPHATE),DEXAMETHASONE (PHOSPHATE),,DEXAMETHASONE (PHOSPHATE),DEXAMETHASONE (PHOSPHATE),DEXAMETHASONE,buffer,false,SRC002
S00092,DEXAMETHASONE (SODIUM METASULFOBENZOATE),DEXAMETHASONE (SODIUM METASULFOBENZOATE),,DEXAMETHASONE (SODIUM METASULFOBENZOATE),DEXAMETHASONE (SODIUM METASULFOBENZOATE),DEXAMETHASONE,active,false,SRC002
S00093,DEXAMETHASONE (SODIUM PHOSPHATE),DEXAMETHASONE (SODIUM PHOSPHATE),,DEXAMETHASONE (SODIUM PHOSPHATE),DEXAMETHASONE (SODIUM PHOSPHATE),DEXAMETHASONE,buffer,false,SRC002
S00094,DEXAMETHASONE (SODIUM SULFOBENZOATE),DEXAMETHASONE (SODIUM SULFOBENZOATE),,DEXAMETHASONE (SODIUM SULFOBENZOATE),DEXAMETHASONE (SODIUM SULFOBENZOATE),DEXAMETHASONE,active,false,SRC002
S00095,DEXAMETHASONE PHOSPHATE (21-BETA),DEXAMETHASONE PHOSPHATE (21-BETA),,DEXAMETHASONE PHOSPHATE (21-BETA),DEXAMETHASONE PHOSPHATE (21-BETA),DEXAMETHASONE,buffer,false,SRC002
S00096,DEXAMETHASONE PHOSPHATE (SODIUM),DEXAMETHASONE PHOSPHATE (SODIUM),,DEXAMETHASONE PHOSPHATE (SODIUM),DEXAMETHASONE PHOSPHATE (SODIUM),DEXAMETHASONE,buffer,false,SRC002
S00097,DEXAMETHASONE SODIUM PHOSPHATE,DEXAMETHASONE SODIUM PHOSPHATE,,DEXAMETHASONE SODIUM PHOSPHATE,DEXAMETHASONE SODIUM PHOSPHATE,DEXAMETHASONE,buffer,false,SRC002
S00098,DEXAMETHASONE SODIUM SULFOBENZOATE,DEXAMETHASONE SODIUM SULFOBENZOATE,,DEXAMETHASONE SODIUM SULFOBENZOATE,DEXAMETHASONE SODIUM SULFOBENZOATE,DEXAMETHASONE,active,false,SRC002
S00099,DEXAMETHASONE SODIUM SULFOBENZOATE M-,DEXAMETHASONE SODIUM SULFOBENZOATE M-,,DEXAMETHASONE SODIUM SULFOBENZOATE M-,DEXAMETHASONE SODIUM SULFOBENZOATE M-,DEXAMETHASONE,active,false,SRC002
S00100,DEXPANTHENOL,DEXPANTHENOL,,DEXPANTHENOL,DEXPANTHENOL,DEXPANTHENOL,active,false,SRC002
S00101,DEXTRAN 70,DEXTRAN 70,,DEXTRAN 70,DEXTRAN 70,DEXTRAN 70,active,false,SRC002
S00102,DIBASIC SODIUM PHOSPHATE HYDRATE,DIBASIC SODIUM PHOSPHATE HYDRATE,,DIBASIC SODIUM PHOSPHATE HYDRATE,DIBASIC SODIUM PHOSPHATE HYDRATE,DIBASIC SODIUM PHOSPHATE HYDRATE,buffer,false,SRC002
S00103,DIBEKACIN (SULFATE),DIBEKACIN (SULFATE),,DIBEKACIN (SULFATE),DIBEKACIN (SULFATE),DIBEKACIN,active,false,SRC002
S00104,DICLOFENAC SODIUM,DICLOFENAC SODIUM,,DICLOFENAC SODIUM,DICLOFENAC SODIUM,DICLOFENAC SODIUM,active,false,SRC002
S00105,DIGITALIS,DIGITALIS,,DIGITALIS,DIGITALIS,DIGITALIS,active,false,SRC002
S00106,DIGITALIS FOLIA EXTRACT RESIDUE,DIGITALIS FOLIA EXTRACT RESIDUE,,DIGITALIS FOLIA EXTRACT RESIDUE,DIGITALIS FOLIA EXTRACT RESIDUE,DIGITALIS FOLIA EXTRACT RESIDUE,active,false,SRC002
S00107,DIPHENHYDRAMINE HCL,DIPHENHYDRAMINE HCL,,DIPHENHYDRAMINE HCL,DIPHENHYDRAMINE HCL,DIPHENHYDRAMINE HCL,active,false,SRC002
S00108,DIPIVEFRIN HCL,DIPIVEFRIN HCL,,DIPIVEFRIN HCL,DIPIVEFRIN HCL,DIPIVEFRIN HCL,active,false,SRC002
S00109,DIPOTASSIUM GLYCYRRHIZINATE,DIPOTASSIUM GLYCYRRHIZINATE,,DIPOTASSIUM GLYCYRRHIZINATE,DIPOTASSIUM GLYCYRRHIZINATE,DIPOTASSIUM GLYCYRRHIZINATE,active,false,SRC002
S00110,Diquafosol Sodium,DIQUAFOSOL SODIUM,,DIQUAFOSOL SODIUM,DIQUAFOSOL SODIUM,DIQUAFOSOL SODIUM,active,false,SRC002
S00111,DISODIUM SALT CYTIDINE-5-MONOPHOSPHATE,DISODIUM SALT CYTIDINE-5-MONOPHOSPHATE,,DISODIUM SALT CYTIDINE-5-MONOPHOSPHATE,DISODIUM SALT CYTIDINE-5-MONOPHOSPHATE,DISODIUM SALT CYTIDINE-5-MONOPHOSPHATE,buffer,false,SRC002
S00112,DISTIGMINE BROMIDE,DISTIGMINE BROMIDE,,DISTIGMINE BROMIDE,DISTIGMINE BROMIDE,DISTIGMINE BROMIDE,active,false,SRC002
S00113,DL-ALPHA-TOCOPHERYL ACETATE,DL-ALPHA-TOCOPHERYL ACETATE,,DL-ALPHA-TOCOPHERYL ACETATE,DL-ALPHA-TOCOPHERYL ACETATE,DL-ALPHA-TOCOPHERYL ACETATE,active,false,SRC002
S00114,DL-CHLORPHENIRAMINE MALEATE,DL-CHLORPHENIRAMINE MALEATE,,DL-CHLORPHENIRAMINE MALEATE,DL-CHLORPHENIRAMINE MALEATE,CHLORPHENIRAMINE,active,false,SRC002
S00115,DORZOLAMIDE HYDROCHLORIDE,DORZOLAMIDE HYDROCHLORIDE,,DORZOLAMIDE HYDROCHLORIDE,DORZOLAMIDE HYDROCHLORIDE,DORZOLAMIDE,active,false,SRC002
S00116,ECHOTHIOPHATE IODIDE,ECHOTHIOPHATE IODIDE,,ECHOTHIOPHATE IODIDE,ECHOTHIOPHATE IODIDE,ECHOTHIOPHATE IODIDE,active,false,SRC002
S00117,ECOTHIOPATE IODIDE,ECOTHIOPATE IODIDE,,ECOTHIOPATE IODIDE,ECOTHIOPATE IODIDE,ECOTHIOPATE IODIDE,active,false,SRC002
S00118,EDETATE DISODIUM (EQ TO DISODIUM EDETATE)( EQ TO E.D.T.A. DISODIUM) (EQ TO EDTA -2NA),EDETATE DISODIUM (EQ TO DISODIUM EDETATE)( EQ TO E.D.T.A. DISODIUM) (EQ TO EDTA -2NA),,EDETATE DISODIUM (EQ TO DISODIUM EDETATE)( EQ TO E.D.T.A. DISODIUM) (EQ TO EDTA -2NA),EDETATE DISODIUM (EQ TO DISODIUM EDETATE)( EQ TO E.D.T.A. DISODIUM) (EQ TO EDTA -2NA),EDETATE,chelator,false,SRC002
S00119,EDETATE DISODIUM DIHYDRATE (EQ TO DISODIUM EDETATE DIHYDRATE),EDETATE DISODIUM DIHYDRATE (EQ TO DISODIUM EDETATE DIHYDRATE),,EDETATE DISODIUM DIHYDRATE (EQ TO DISODIUM EDETATE DIHYDRATE),EDETATE DISODIUM DIHYDRATE (EQ TO DISODIUM EDETATE DIHYDRATE),EDETATE,chelator,false,SRC002
S00120,EMEDASTINE (AS DIFUMARATE),EMEDASTINE (AS DIFUMARATE),,EMEDASTINE (AS DIFUMARATE),EMEDASTINE (AS DIFUMARATE),EMEDASTINE,active,false,SRC002
S00121,EPHEDRINE HCL (EQ TO EPHEDRINE HYDROCHLORIDE),EPHEDRINE HCL (EQ TO EPHEDRINE HYDROCHLORIDE),,EPHEDRINE HCL (EQ TO EPHEDRINE HYDROCHLORIDE),EPHEDRINE HCL (EQ TO EPHEDRINE HYDROCHLORIDE),EPHEDRINE HCL,active,false,SRC002
S00122,EPINASTINE HYDROCHLORIDE,EPINASTINE HYDROCHLORIDE,,EPINASTINE HYDROCHLORIDE,EPINASTINE HYDROCHLORIDE,EPINASTINE HYDROCHLORIDE,active,false,SRC002
S00123,EPINEPHRINE (ADRENALINEPIRENAMINE),EPINEPHRINE (ADRENALINEPIRENAMINE),,EPINEPHRINE (ADRENALINEPIRENAMINE),EPINEPHRINE (ADRENALINEPIRENAMINE),EPINEPHRINE,active,false,SRC002
S00124,EPINEPHRINE BITARTRATE,EPINEPHRINE BITARTRATE,,EPINEPHRINE BITARTRATE,EPINEPHRINE BITARTRATE,EPINEPHRINE BITARTRATE,active,false,SRC002
S00125,ERYTHROMYCIN,ERYTHROMYCIN,,ERYTHROMYCIN,ERYTHROMYCIN,ERYTHROMYCIN,active,false,SRC002
S00126,ERYTHROMYCIN (ESTOLATE),ERYTHROMYCIN (ESTOLATE),,ERYTHROMYCIN (ESTOLATE),ERYTHROMYCIN (ESTOLATE),ERYTHROMYCIN,active,false,SRC002
S00127,ERYTHROMYCIN (LACTOBIONATE),ERYTHROMYCIN (LACTOBIONATE),,ERYTHROMYCIN (LACTOBIONATE),ERYTHROMYCIN (LACTOBIONATE),ERYTHROMYCIN,active,false,SRC002
S00128,ERYTHROMYCIN BASE,ERYTHROMYCIN BASE,,ERYTHROMYCIN BASE,ERYTHROMYCIN BASE,ERYTHROMYCIN BASE,active,false,SRC002
S00129,ERYTHROMYCIN CRYSTALLINE,ERYTHROMYCIN CRYSTALLINE,,ERYTHROMYCIN CRYSTALLINE,ERYTHROMYCIN CRYSTALLINE,ERYTHROMYCIN CRYSTALLINE,active,false,SRC002
S00130,ESCIN,ESCIN,,ESCIN,ESCIN,ESCIN,active,false,SRC002
S00131,EUCERIN ANHYDROUS,EUCERIN ANHYDROUS,,EUCERIN ANHYDROUS,EUCERIN ANHYDROUS,EUCERIN ANHYDROUS,active,false,SRC002
S00132,FLAVINEADENINE DINUCLEOTIDE,FLAVINEADENINE DINUCLEOTIDE,,FLAVINEADENINE DINUCLEOTIDE,FLAVINEADENINE DINUCLEOTIDE,FLAVINEADENINE DINUCLEOTIDE,active,false,SRC002
S00133,FLAVINEADENINE DINUCLEOTIDE (FLAVITAN),FLAVINEADENINE DINUCLEOTIDE (FLAVITAN),,FLAVINEADENINE DINUCLEOTIDE (FLAVITAN),FLAVINEADENINE DINUCLEOTIDE (FLAVITAN),FLAVINEADENINE DINUCLEOTIDE,active,false,SRC002
S00134,FLAVINEADENINE DINUCLEOTIDE SODIUM,FLAVINEADENINE DINUCLEOTIDE SODIUM,,FLAVINEADENINE DINUCLEOTIDE SODIUM,FLAVINEADENINE DINUCLEOTIDE SODIUM,FLAVINEADENINE DINUCLEOTIDE SODIUM,active,false,SRC002
S00135,FLUDROCORTISONE ACETATE,FLUDROCORTISONE ACETATE,,FLUDROCORTISONE ACETATE,FLUDROCORTISONE ACETATE,FLUDROCORTISONE ACETATE,active,false,SRC002
S00136,FLUORESCEIN,FLUORESCEIN,,FLUORESCEIN,FLUORESCEIN,FLUORESCEIN,active,false,SRC002
S00137,FLUORESCEIN SODIUM (URANIN)(URANIN YELLOW),FLUORESCEIN SODIUM (URANIN)(URANIN YELLOW),,FLUORESCEIN SODIUM (URANIN)(URANIN YELLOW),FLUORESCEIN SODIUM (URANIN)(URANIN YELLOW),FLUORESCEIN SODIUM,active,false,SRC002
S00138,FLUOROMETHOLONE,FLUOROMETHOLONE,,FLUOROMETHOLONE,FLUOROMETHOLONE,FLUOROMETHOLONE,active,false,SRC002
S00139,FLUOROMETHOLONE ACETATE,FLUOROMETHOLONE ACETATE,,FLUOROMETHOLONE ACETATE,FLUOROMETHOLONE ACETATE,FLUOROMETHOLONE,active,false,SRC002
S00140,FLURBIPROFEN,FLURBIPROFEN,,FLURBIPROFEN,FLURBIPROFEN,FLURBIPROFEN,active,false,SRC002
S00141,FRADIOMYCIN SULFATE (EQ TO NEOMYCIN SULFATE),FRADIOMYCIN SULFATE (EQ TO NEOMYCIN SULFATE),,FRADIOMYCIN SULFATE (EQ TO NEOMYCIN SULFATE),FRADIOMYCIN SULFATE (EQ TO NEOMYCIN SULFATE),NEOMYCIN,active,false,SRC002
S00142,FRAMYCETIN (SOFRAMYCIN)(NEOMYCIN B),FRAMYCETIN (SOFRAMYCIN)(NEOMYCIN B),,FRAMYCETIN (SOFRAMYCIN)(NEOMYCIN B),FRAMYCETIN (SOFRAMYCIN)(NEOMYCIN B),NEOMYCIN,active,false,SRC002
S00143,FRAMYCETIN (SULFATE) SOFRAMYCIN(SULFATE),FRAMYCETIN (SULFATE) SOFRAMYCIN(SULFATE),,FRAMYCETIN (SULFATE) SOFRAMYCIN(SULFATE),FRAMYCETIN (SULFATE) SOFRAMYCIN(SULFATE),FRAMYCETIN,active,false,SRC002
S00144,FRAMYCETIN SULFATE (SOFRAMYCIN SULFATE),FRAMYCETIN SULFATE (SOFRAMYCIN SULFATE),,FRAMYCETIN SULFATE (SOFRAMYCIN SULFATE),FRAMYCETIN SULFATE (SOFRAMYCIN SULFATE),FRAMYCETIN SULFATE,active,false,SRC002
S00145,FUSIDIC ACID,FUSIDIC ACID,,FUSIDIC ACID,FUSIDIC ACID,FUSIDIC ACID,active,false,SRC002
S00146,GENTAMICIN,GENTAMICIN,,GENTAMICIN,GENTAMICIN,GENTAMICIN,active,false,SRC002
S00147,GENTAMICIN (AS SULFATE),GENTAMICIN (AS SULFATE),,GENTAMICIN (AS SULFATE),GENTAMICIN (AS SULFATE),GENTAMICIN,active,false,SRC002
S00148,GENTAMICIN SULFATE,GENTAMICIN SULFATE,,GENTAMICIN SULFATE,GENTAMICIN SULFATE,GENTAMICIN,active,false,SRC002
S00149,GENTIAN VIOLET,GENTIAN VIOLET,,GENTIAN VIOLET,GENTIAN VIOLET,GENTIAN VIOLET,active,false,SRC002
S00150,GLUCOSE,GLUCOSE,,GLUCOSE,GLUCOSE,GLUCOSE,tonicity_agent,false,SRC002
S00151,GLUTATHIONE,GLUTATHIONE,,GLUTATHIONE,GLUTATHIONE,GLUTATHIONE,active,false,SRC002
S00152,GLYCERIN (eq to GLYCEROL),GLYCERIN (EQ TO GLYCEROL),,GLYCERIN (EQ TO GLYCEROL),GLYCERIN (EQ TO GLYCEROL),GLYCERIN,other_excipient,false,SRC002
S00153,GLYCEROPHOSPHATE COPPER,GLYCEROPHOSPHATE COPPER,,GLYCEROPHOSPHATE COPPER,GLYCEROPHOSPHATE COPPER,GLYCEROPHOSPHATE COPPER,buffer,false,SRC002
S00154,GLYCYRRHETATE DIPOTASSIUM,GLYCYRRHETATE DIPOTASSIUM,,GLYCYRRHETATE DIPOTASSIUM,GLYCYRRHETATE DIPOTASSIUM,GLYCYRRHETATE DIPOTASSIUM,active,false,SRC002
S00155,GLYCYRRHIZINATE DIPOTASSIUM (EQ TO DIPOTASSIUM GLYCYRRHIZINATE),GLYCYRRHIZINATE DIPOTASSIUM (EQ TO DIPOTASSIUM GLYCYRRHIZINATE),,GLYCYRRHIZINATE DIPOTASSIUM (EQ TO DIPOTASSIUM GLYCYRRHIZINATE),GLYCYRRHIZINATE DIPOTASSIUM (EQ TO DIPOTASSIUM GLYCYRRHIZINATE),GLYCYRRHIZINATE DIPOTASSIUM,active,false,SRC002
S00156,GRAMICIDIN,GRAMICIDIN,,GRAMICIDIN,GRAMICIDIN,GRAMICIDIN,active,false,SRC002
S00157,GRAMICIDIN HYDROSOLUBILIZED,GRAMICIDIN HYDROSOLUBILIZED,,GRAMICIDIN HYDROSOLUBILIZED,GRAMICIDIN HYDROSOLUBILIZED,GRAMICIDIN HYDROSOLUBILIZED,active,false,SRC002
S00158,HEPARINE (SODIUM IODOHEPARINE),HEPARINE (SODIUM IODOHEPARINE),,HEPARINE (SODIUM IODOHEPARINE),HEPARINE (SODIUM IODOHEPARINE),HEPARINE,active,false,SRC002
S00159,HEXAMIDINE,HEXAMIDINE,,HEXAMIDINE,HEXAMIDINE,HEXAMIDINE,active,false,SRC002
S00160,HOMOSULFAMINE,HOMOSULFAMINE,,HOMOSULFAMINE,HOMOSULFAMINE,HOMOSULFAMINE,active,false,SRC002
S00161,HYALURONATE SODIUM ( EQ TO SODIUM HYALURONATE ),HYALURONATE SODIUM ( EQ TO SODIUM HYALURONATE ),,HYALURONATE SODIUM ( EQ TO SODIUM HYALURONATE ),HYALURONATE SODIUM ( EQ TO SODIUM HYALURONATE ),HYALURONATE SODIUM,active,false,SRC002
S00162,HYDROCORTISONE,HYDROCORTISONE,,HYDROCORTISONE,HYDROCORTISONE,HYDROCORTISONE,active,false,SRC002
S00163,HYDROCORTISONE (CAPROATE),HYDROCORTISONE (CAPROATE),,HYDROCORTISONE (CAPROATE),HYDROCORTISONE (CAPROATE),HYDROCORTISONE,active,false,SRC002
S00164,HYDROCORTISONE ACETATE,HYDROCORTISONE ACETATE,,HYDROCORTISONE ACETATE,HYDROCORTISONE ACETATE,HYDROCORTISONE ACETATE,active,false,SRC002
S00165,HYDROCORTISONE CAPRYLATE,HYDROCORTISONE CAPRYLATE,,HYDROCORTISONE CAPRYLATE,HYDROCORTISONE CAPRYLATE,HYDROCORTISONE CAPRYLATE,active,false,SRC002
S00166,HYDROCORTISONE SULFATE,HYDROCORTISONE SULFATE,,HYDROCORTISONE SULFATE,HYDROCORTISONE SULFATE,HYDROCORTISONE SULFATE,active,false,SRC002
S00167,HYDROXYETHYL CELLULOSE,HYDROXYETHYL CELLULOSE,,HYDROXYETHYL CELLULOSE,HYDROXYETHYL CELLULOSE,HYDROXYETHYL CELLULOSE,active,false,SRC002
S00168,HYDROXYETHYLCELLULOSE,HYDROXYETHYLCELLULOSE,,HYDROXYETHYLCELLULOSE,HYDROXYETHYLCELLULOSE,HYDROXYETHYLCELLULOSE,viscosity_agent,false,SRC002
S00169,HYDROXYPROPYL METHYLCELLULOSE (EQ TO HPMC),HYDROXYPROPYL METHYLCELLULOSE (EQ TO HPMC),,HYDROXYPROPYL METHYLCELLULOSE (EQ TO HPMC),HYDROXYPROPYL METHYLCELLULOSE (EQ TO HPMC),HYDROXYPROPYL METHYLCELLULOSE,viscosity_agent,false,SRC002
S00170,HYDROXYPROPYLMETHYLCELLULOSE(EQ TO HYPROMELLOSE)(HPMC),HYDROXYPROPYLMETHYLCELLULOSE(EQ TO HYPROMELLOSE)(HPMC),,HYDROXYPROPYLMETHYLCELLULOSE(EQ TO HYPROMELLOSE)(HPMC),HYDROXYPROPYLMETHYLCELLULOSE(EQ TO HYPROMELLOSE)(HPMC),HYPROMELLOSE,viscosity_agent,false,SRC002
S00171,HYPROMELLOSE,HYPROMELLOSE,,HYPROMELLOSE,HYPROMELLOSE,HYPROMELLOSE,viscosity_agent,false,SRC002
S00172,HYPROMELLOSE 4000,HYPROMELLOSE 4000,,HYPROMELLOSE 4000,HYPROMELLOSE 4000,HYPROMELLOSE,viscosity_agent,false,SRC002
S00173,HYPROMELLOSE 4500,HYPROMELLOSE 4500,,HYPROMELLOSE 4500,HYPROMELLOSE 4500,HYPROMELLOSE,viscosity_agent,false,SRC002
S00174,IDOXURIDINE,IDOXURIDINE,,IDOXURIDINE,IDOXURIDINE,IDOXURIDINE,active,false,SRC002
S00175,INDOMETHACIN (eq to Indometacin),INDOMETHACIN (EQ TO INDOMETACIN),,INDOMETHACIN (EQ TO INDOMETACIN),INDOMETHACIN (EQ TO INDOMETACIN),INDOMETHACIN,active,false,SRC002
S00176,ISOPROPYL UNOPROSTONE,ISOPROPYL UNOPROSTONE,,ISOPROPYL UNOPROSTONE,ISOPROPYL UNOPROSTONE,ISOPROPYL UNOPROSTONE,active,false,SRC002
S00177,KANAMYCIN (SULFATE),KANAMYCIN (SULFATE),,KANAMYCIN (SULFATE),KANAMYCIN (SULFATE),KANAMYCIN,active,false,SRC002
S00178,KANAMYCIN B (SULFATE),KANAMYCIN B (SULFATE),,KANAMYCIN B (SULFATE),KANAMYCIN B (SULFATE),KANAMYCIN B,active,false,SRC002
S00179,KETOROLAC TROMETHAMINE,KETOROLAC TROMETHAMINE,,KETOROLAC TROMETHAMINE,KETOROLAC TROMETHAMINE,KETOROLAC TROMETHAMINE,active,false,SRC002
S00180,KETOTIFEN,KETOTIFEN,,KETOTIFEN,KETOTIFEN,KETOTIFEN,active,false,SRC002
S00181,KETOTIFEN FUMARATE,KETOTIFEN FUMARATE,,KETOTIFEN FUMARATE,KETOTIFEN FUMARATE,KETOTIFEN FUMARATE,active,false,SRC002
S00182,Ketotifen Hydrogen Fumarate,KETOTIFEN HYDROGEN FUMARATE,,KETOTIFEN HYDROGEN FUMARATE,KETOTIFEN HYDROGEN FUMARATE,KETOTIFEN HYDROGEN FUMARATE,active,false,SRC002
S00183,L-ASPARTIC ACID,L-ASPARTIC ACID,,L-ASPARTIC ACID,L-ASPARTIC ACID,L-ASPARTIC ACID,active,false,SRC002
S00184,L-EPINEPHRINE (HCL),L-EPINEPHRINE (HCL),,L-EPINEPHRINE (HCL),L-EPINEPHRINE (HCL),L-EPINEPHRINE,active,false,SRC002
S00185,L-EPINEPHRINE HCL,L-EPINEPHRINE HCL,,L-EPINEPHRINE HCL,L-EPINEPHRINE HCL,L-EPINEPHRINE HCL,active,false,SRC002
S00186,L-MENTHOL,L-MENTHOL,,L-MENTHOL,L-MENTHOL,L-MENTHOL,active,false,SRC002
S00187,LANOLIN OIL,LANOLIN OIL,,LANOLIN OIL,LANOLIN OIL,LANOLIN OIL,ointment_base,false,SRC002
S00188,LATANOPROST,LATANOPROST,,LATANOPROST,LATANOPROST,LATANOPROST,active,false,SRC002
S00189,LATANOPROSTENE BUNOD,LATANOPROSTENE BUNOD,,LATANOPROSTENE BUNOD,LATANOPROSTENE BUNOD,LATANOPROST,active,false,SRC002
S00190,LEVOBUNOLOL HCL,LEVOBUNOLOL HCL,,LEVOBUNOLOL HCL,LEVOBUNOLOL HCL,LEVOBUNOLOL HCL,active,false,SRC002
S00191,LEVOCABASTINE HYDROCHLORIDE,LEVOCABASTINE HYDROCHLORIDE,,LEVOCABASTINE HYDROCHLORIDE,LEVOCABASTINE HYDROCHLORIDE,LEVOCABASTINE HYDROCHLORIDE,active,false,SRC002
S00192,LEVOFLOXACIN,LEVOFLOXACIN,,LEVOFLOXACIN,LEVOFLOXACIN,LEVOFLOXACIN,active,false,SRC002
S00193,LEVOFLOXACIN HEMIHYDRATE,LEVOFLOXACIN HEMIHYDRATE,,LEVOFLOXACIN HEMIHYDRATE,LEVOFLOXACIN HEMIHYDRATE,LEVOFLOXACIN HEMIHYDRATE,active,false,SRC002
S00194,LIDOCAINE HCL,LIDOCAINE HCL,,LIDOCAINE HCL,LIDOCAINE HCL,LIDOCAINE HCL,active,false,SRC002
S00195,Lifitegrast,LIFITEGRAST,,LIFITEGRAST,LIFITEGRAST,LIFITEGRAST,active,false,SRC002
S00196,LIQUID PARAFFIN (EQ TO LIQUID PETROLATUM)( EQ TO MINERAL OIL),LIQUID PARAFFIN (EQ TO LIQUID PETROLATUM)( EQ TO MINERAL OIL),,LIQUID PARAFFIN (EQ TO LIQUID PETROLATUM)( EQ TO MINERAL OIL),LIQUID PARAFFIN (EQ TO LIQUID PETROLATUM)( EQ TO MINERAL OIL),LIQUID PARAFFIN,ointment_base,false,SRC002
S00197,LITHIUM CHLORIDE,LITHIUM CHLORIDE,,LITHIUM CHLORIDE,LITHIUM CHLORIDE,LITHIUM CHLORIDE,active,false,SRC002
S00198,LODOXAMIDE TROMETHAMINE,LODOXAMIDE TROMETHAMINE,,LODOXAMIDE TROMETHAMINE,LODOXAMIDE TROMETHAMINE,LODOXAMIDE TROMETHAMINE,active,false,SRC002
S00199,LOMEFLOXACIN HYDROCHLORIDE,LOMEFLOXACIN HYDROCHLORIDE,,LOMEFLOXACIN HYDROCHLORIDE,LOMEFLOXACIN HYDROCHLORIDE,LOMEFLOXACIN HYDROCHLORIDE,active,false,SRC002
S00200,LOTEPREDNOL ETABONATE,LOTEPREDNOL ETABONATE,,LOTEPREDNOL ETABONATE,LOTEPREDNOL ETABONATE,LOTEPREDNOL ETABONATE,active,false,SRC002
S00201,LOWER CHAMBER,LOWER CHAMBER,,LOWER CHAMBER,LOWER CHAMBER,LOWER CHAMBER,active,false,SRC002
S00202,MAFENIDE (HOMOSULFAMINE),MAFENIDE (HOMOSULFAMINE),,MAFENIDE (HOMOSULFAMINE),MAFENIDE (HOMOSULFAMINE),MAFENIDE,active,false,SRC002
S00203,MAGNESIUM L-ASCORBYL PHOSPHATE,MAGNESIUM L-ASCORBYL PHOSPHATE,,MAGNESIUM L-ASCORBYL PHOSPHATE,MAGNESIUM L-ASCORBYL PHOSPHATE,MAGNESIUM L-ASCORBYL PHOSPHATE,buffer,false,SRC002
S00204,MAGNESIUM SULFATE,MAGNESIUM SULFATE,,MAGNESIUM SULFATE,MAGNESIUM SULFATE,MAGNESIUM SULFATE,active,false,SRC002
S00205,Magnesium sulfate hydrate,MAGNESIUM SULFATE HYDRATE,,MAGNESIUM SULFATE HYDRATE,MAGNESIUM SULFATE HYDRATE,MAGNESIUM SULFATE HYDRATE,active,false,SRC002
S00206,MANNITOL,MANNITOL,,MANNITOL,MANNITOL,MANNITOL,tonicity_agent,false,SRC002
S00207,MEDRYSONE,MEDRYSONE,,MEDRYSONE,MEDRYSONE,MEDRYSONE,active,false,SRC002
S00208,MEPRYLCAINE HCL,MEPRYLCAINE HCL,,MEPRYLCAINE HCL,MEPRYLCAINE HCL,MEPRYLCAINE HCL,active,false,SRC002
S00209,METHYLCELLULOSE (TYLOSE)(METHOCEL),METHYLCELLULOSE (TYLOSE)(METHOCEL),,METHYLCELLULOSE (TYLOSE)(METHOCEL),METHYLCELLULOSE (TYLOSE)(METHOCEL),METHYLCELLULOSE,viscosity_agent,false,SRC002
S00210,METHYLHYDROXYPROPYLCELLULOSE (EQ TO HYDROXYPROPYLMETHYLCELLULOSE) (EQ TO HYPROMELLOSE),METHYLHYDROXYPROPYLCELLULOSE (EQ TO HYDROXYPROPYLMETHYLCELLULOSE) (EQ TO HYPROMELLOSE),,METHYLHYDROXYPROPYLCELLULOSE (EQ TO HYDROXYPROPYLMETHYLCELLULOSE) (EQ TO HYPROMELLOSE),METHYLHYDROXYPROPYLCELLULOSE (EQ TO HYDROXYPROPYLMETHYLCELLULOSE) (EQ TO HYPROMELLOSE),HYPROMELLOSE,viscosity_agent,false,SRC002
S00211,METIPRANOLOL (HCL),METIPRANOLOL (HCL),,METIPRANOLOL (HCL),METIPRANOLOL (HCL),METIPRANOLOL,active,false,SRC002
S00212,METIPRANOLOL HYDROCHLORISE,METIPRANOLOL HYDROCHLORISE,,METIPRANOLOL HYDROCHLORISE,METIPRANOLOL HYDROCHLORISE,METIPRANOLOL HYDROCHLORISE,active,false,SRC002
S00213,MINERAL OIL,MINERAL OIL,,MINERAL OIL,MINERAL OIL,MINERAL OIL,ointment_base,false,SRC002
S00214,MINERAL OIL LIGHT (EQ TO LIGHT MINERAL OIL),MINERAL OIL LIGHT (EQ TO LIGHT MINERAL OIL),,MINERAL OIL LIGHT (EQ TO LIGHT MINERAL OIL),MINERAL OIL LIGHT (EQ TO LIGHT MINERAL OIL),MINERAL OIL LIGHT,ointment_base,false,SRC002
S00215,MOXIFLOXACIN HYDROCHLORIDE,MOXIFLOXACIN HYDROCHLORIDE,,MOXIFLOXACIN HYDROCHLORIDE,MOXIFLOXACIN HYDROCHLORIDE,MOXIFLOXACIN HYDROCHLORIDE,active,false,SRC002
S00216,N-ACETYL-ASPARTYL-GLUTAMIC ACID MAGNESIUM SALT,N-ACETYL-ASPARTYL-GLUTAMIC ACID MAGNESIUM SALT,,N-ACETYL-ASPARTYL-GLUTAMIC ACID MAGNESIUM SALT,N-ACETYL-ASPARTYL-GLUTAMIC ACID MAGNESIUM SALT,N-ACETYL-ASPARTYL-GLUTAMIC ACID MAGNESIUM SALT,active,false,SRC002
S00217,NANDROLONE MONOSODIUM SULFATE,NANDROLONE MONOSODIUM SULFATE,,NANDROLONE MONOSODIUM SULFATE,NANDROLONE MONOSODIUM SULFATE,NANDROLONE MONOSODIUM SULFATE,active,false,SRC002
S00218,NAPHAZOLINE HCL,NAPHAZOLINE HCL,,NAPHAZOLINE HCL,NAPHAZOLINE HCL,NAPHAZOLINE,active,false,SRC002
S00219,NAPHAZOLINE HYDROCHLORIDE,NAPHAZOLINE HYDROCHLORIDE,,NAPHAZOLINE HYDROCHLORIDE,NAPHAZOLINE HYDROCHLORIDE,NAPHAZOLINE,active,false,SRC002
S00220,NAPHAZOLINE NITRATE,NAPHAZOLINE NITRATE,,NAPHAZOLINE NITRATE,NAPHAZOLINE NITRATE,NAPHAZOLINE,active,false,SRC002
S00221,NATAMYCIN,NATAMYCIN,,NATAMYCIN,NATAMYCIN,NATAMYCIN,active,false,SRC002
S00222,NEOMYCIN (FRADIOMYCIN),NEOMYCIN (FRADIOMYCIN),,NEOMYCIN (FRADIOMYCIN),NEOMYCIN (FRADIOMYCIN),NEOMYCIN,active,false,SRC002
S00223,NEOMYCIN (HCL),NEOMYCIN (HCL),,NEOMYCIN (HCL),NEOMYCIN (HCL),NEOMYCIN,active,false,SRC002
S00224,NEOMYCIN (SULFATE),NEOMYCIN (SULFATE),,NEOMYCIN (SULFATE),NEOMYCIN (SULFATE),NEOMYCIN,active,false,SRC002
S00225,NEOMYCIN SULFATE,NEOMYCIN SULFATE,,NEOMYCIN SULFATE,NEOMYCIN SULFATE,NEOMYCIN,active,false,SRC002
S00226,NEOSTIGMINE METHYLSULFATE,NEOSTIGMINE METHYLSULFATE,,NEOSTIGMINE METHYLSULFATE,NEOSTIGMINE METHYLSULFATE,NEOSTIGMINE METHYLSULFATE,active,false,SRC002
S00227,NEPAFENAC,NEPAFENAC,,NEPAFENAC,NEPAFENAC,NEPAFENAC,active,false,SRC002
S00228,NITROFURAZONE,NITROFURAZONE,,NITROFURAZONE,NITROFURAZONE,NITROFURAZONE,active,false,SRC002
S00229,NORFLOXACIN (BACCIDAL),NORFLOXACIN (BACCIDAL),,NORFLOXACIN (BACCIDAL),NORFLOXACIN (BACCIDAL),NORFLOXACIN,active,false,SRC002
S00230,OFLOXACIN,OFLOXACIN,,OFLOXACIN,OFLOXACIN,OFLOXACIN,active,false,SRC002
S00231,OLOPATADINE,OLOPATADINE,,OLOPATADINE,OLOPATADINE,OLOPATADINE,active,false,SRC002
S00232,OLOPATADINE HYDROCHLORIDE,OLOPATADINE HYDROCHLORIDE,,OLOPATADINE HYDROCHLORIDE,OLOPATADINE HYDROCHLORIDE,OLOPATADINE HYDROCHLORIDE,active,false,SRC002
S00233,Omidenepag isopropyl,OMIDENEPAG ISOPROPYL,,OMIDENEPAG ISOPROPYL,OMIDENEPAG ISOPROPYL,OMIDENEPAG ISOPROPYL,active,false,SRC002
S00234,OXYBUPROCAINE HCL,OXYBUPROCAINE HCL,,OXYBUPROCAINE HCL,OXYBUPROCAINE HCL,OXYBUPROCAINE HCL,active,false,SRC002
S00235,OXYBUPROCAINE HYDROCHLORIDE,OXYBUPROCAINE HYDROCHLORIDE,,OXYBUPROCAINE HYDROCHLORIDE,OXYBUPROCAINE HYDROCHLORIDE,OXYBUPROCAINE HYDROCHLORIDE,active,false,SRC002
S00236,OXYMETAZOLINE HCL,OXYMETAZOLINE HCL,,OXYMETAZOLINE HCL,OXYMETAZOLINE HCL,OXYMETAZOLINE HCL,active,false,SRC002
S00237,OXYTETRACYCLINE,OXYTETRACYCLINE,,OXYTETRACYCLINE,OXYTETRACYCLINE,OXYTETRACYCLINE,active,false,SRC002
S00238,OXYTETRACYCLINE (HCL),OXYTETRACYCLINE (HCL),,OXYTETRACYCLINE (HCL),OXYTETRACYCLINE (HCL),OXYTETRACYCLINE,active,false,SRC002
S00239,OXYTETRACYCLINE HCL,OXYTETRACYCLINE HCL,,OXYTETRACYCLINE HCL,OXYTETRACYCLINE HCL,OXYTETRACYCLINE HCL,active,false,SRC002
S00240,PANTHENOL,PANTHENOL,,PANTHENOL,PANTHENOL,PANTHENOL,active,false,SRC002
S00241,PANTHENOL D- (EQ TO D-PANTHENOL),PANTHENOL D- (EQ TO D-PANTHENOL),,PANTHENOL D- (EQ TO D-PANTHENOL),PANTHENOL D- (EQ TO D-PANTHENOL),PANTHENOL D-,active,false,SRC002
S00242,PANTHENOL DL-,PANTHENOL DL-,,PANTHENOL DL-,PANTHENOL DL-,PANTHENOL DL-,active,false,SRC002
S00243,PANTOTHENATE CALCIUM,PANTOTHENATE CALCIUM,,PANTOTHENATE CALCIUM,PANTOTHENATE CALCIUM,PANTOTHENATE CALCIUM,active,false,SRC002
S00244,PANTOTHENYL ALCOHOL D-,PANTOTHENYL ALCOHOL D-,,PANTOTHENYL ALCOHOL D-,PANTOTHENYL ALCOHOL D-,PANTOTHENYL ALCOHOL D-,active,false,SRC002
S00245,PEMIROLAST POTASSIUM,PEMIROLAST POTASSIUM,,PEMIROLAST POTASSIUM,PEMIROLAST POTASSIUM,PEMIROLAST POTASSIUM,active,false,SRC002
S00246,PHENIRAMINE MALEATE,PHENIRAMINE MALEATE,,PHENIRAMINE MALEATE,PHENIRAMINE MALEATE,PHENIRAMINE MALEATE,active,false,SRC002
S00247,PHENYLEPHRINE HCL,PHENYLEPHRINE HCL,,PHENYLEPHRINE HCL,PHENYLEPHRINE HCL,PHENYLEPHRINE HCL,active,false,SRC002
S00248,Phenylephrine Hydrochloride,PHENYLEPHRINE HYDROCHLORIDE,,PHENYLEPHRINE HYDROCHLORIDE,PHENYLEPHRINE HYDROCHLORIDE,PHENYLEPHRINE HYDROCHLORIDE,active,false,SRC002
S00249,PHYSOSTIGMINE SALICYLATE,PHYSOSTIGMINE SALICYLATE,,PHYSOSTIGMINE SALICYLATE,PHYSOSTIGMINE SALICYLATE,PHYSOSTIGMINE SALICYLATE,active,false,SRC002
S00250,PILOCARPIC ACID HCL,PILOCARPIC ACID HCL,,PILOCARPIC ACID HCL,PILOCARPIC ACID HCL,PILOCARPIC ACID HCL,active,false,SRC002
S00251,PILOCARPIC ACID SODIUM,PILOCARPIC ACID SODIUM,,PILOCARPIC ACID SODIUM,PILOCARPIC ACID SODIUM,PILOCARPIC ACID SODIUM,active,false,SRC002
S00252,PILOCARPINE,PILOCARPINE,,PILOCARPINE,PILOCARPINE,PILOCARPINE,active,false,SRC002
S00253,PILOCARPINE CHLORIDE,PILOCARPINE CHLORIDE,,PILOCARPINE CHLORIDE,PILOCARPINE CHLORIDE,PILOCARPINE,active,false,SRC002
S00254,PILOCARPINE HCL,PILOCARPINE HCL,,PILOCARPINE HCL,PILOCARPINE HCL,PILOCARPINE,active,false,SRC002
S00255,PILOCARPINE NITRATE,PILOCARPINE NITRATE,,PILOCARPINE NITRATE,PILOCARPINE NITRATE,PILOCARPINE,active,false,SRC002
S00256,PIRFENOXONE (eq to CATALIN)( eq to PIRENOXINE),PIRFENOXONE (EQ TO CATALIN)( EQ TO PIRENOXINE),,PIRFENOXONE (EQ TO CATALIN)( EQ TO PIRENOXINE),PIRFENOXONE (EQ TO CATALIN)( EQ TO PIRENOXINE),PIRFENOXONE,active,false,SRC002
S00257,POLYETHYLENE GLYCOL 400,POLYETHYLENE GLYCOL 400,,POLYETHYLENE GLYCOL 400,POLYETHYLENE GLYCOL 400,POLYETHYLENE GLYCOL 400,other_excipient,false,SRC002
S00258,POLYMYXIN B,POLYMYXIN B,,POLYMYXIN B,POLYMYXIN B,POLYMYXIN B,active,false,SRC002
S00259,POLYMYXIN B (SULFATE),POLYMYXIN B (SULFATE),,POLYMYXIN B (SULFATE),POLYMYXIN B (SULFATE),POLYMYXIN B,active,false,SRC002
S00260,POLYMYXIN B SULFATE,POLYMYXIN B SULFATE,,POLYMYXIN B SULFATE,POLYMYXIN B SULFATE,POLYMYXIN B SULFATE,active,false,SRC002
S00261,Polysorbate 80,POLYSORBATE 80,,POLYSORBATE 80,POLYSORBATE 80,POLYSORBATE 80,surfactant,false,SRC002
S00262,POLYSORBATE 80(TWEEN 80)(SORBIMACROGOL OLEATE300,POLYSORBATE 80(TWEEN 80)(SORBIMACROGOL OLEATE300,,POLYSORBATE 80(TWEEN 80)(SORBIMACROGOL OLEATE300,POLYSORBATE 80(TWEEN 80)(SORBIMACROGOL OLEATE300,POLYSORBATE 80,surfactant,false,SRC002
S00263,POLYVINYL ALCOHOL,POLYVINYL ALCOHOL,,POLYVINYL ALCOHOL,POLYVINYL ALCOHOL,POLYVINYL ALCOHOL,viscosity_agent,false,SRC002
S00264,Potassium and Magnesium L-Aspartate (equal mixture),POTASSIUM AND MAGNESIUM L-ASPARTATE (EQUAL MIXTURE),,POTASSIUM AND MAGNESIUM L-ASPARTATE (EQUAL MIXTURE),POTASSIUM AND MAGNESIUM L-ASPARTATE (EQUAL MIXTURE),POTASSIUM AND MAGNESIUM L-ASPARTATE,active,false,SRC002
S00265,POTASSIUM ASPARTATE AND MAGNESIUM ASPARTATE,POTASSIUM ASPARTATE AND MAGNESIUM ASPARTATE,,POTASSIUM ASPARTATE AND MAGNESIUM ASPARTATE,POTASSIUM ASPARTATE AND MAGNESIUM ASPARTATE,POTASSIUM ASPARTATE AND MAGNESIUM ASPARTATE,active,false,SRC002
S00266,POTASSIUM CHLORIDE,POTASSIUM CHLORIDE,,POTASSIUM CHLORIDE,POTASSIUM CHLORIDE,POTASSIUM CHLORIDE,tonicity_agent,false,SRC002
S00267,POTASSIUM L-ASPARTATE,POTASSIUM L-ASPARTATE,,POTASSIUM L-ASPARTATE,POTASSIUM L-ASPARTATE,POTASSIUM L-ASPARTATE,active,false,SRC002
S00268,Potassium Metaborate,POTASSIUM METABORATE,,POTASSIUM METABORATE,POTASSIUM METABORATE,POTASSIUM METABORATE,buffer,false,SRC002
S00269,POTASSIUM PHOSPHATE MONOBASIC(EQ TO POTASSIUM BIPHOSPHATE)(EQ TO POTASSIUM DIHYDROGEN PHOSPHATE),POTASSIUM PHOSPHATE MONOBASIC(EQ TO POTASSIUM BIPHOSPHATE)(EQ TO POTASSIUM DIHYDROGEN PHOSPHATE),,POTASSIUM PHOSPHATE MONOBASIC(EQ TO POTASSIUM BIPHOSPHATE)(EQ TO POTASSIUM DIHYDROGEN PHOSPHATE),POTASSIUM PHOSPHATE MONOBASIC(EQ TO POTASSIUM BIPHOSPHATE)(EQ TO POTASSIUM DIHYDROGEN PHOSPHATE),POTASSIUM PHOSPHATE MONOBASIC,buffer,false,SRC002
S00270,POVIDONE (EQ TO POLYVINYL PYRROLIDONE)( EQ TO PVP ) ( EQ TO POLYVIDONE)(EQ TO POLYVINYLPYRROLIDONE),POVIDONE (EQ TO POLYVINYL PYRROLIDONE)( EQ TO PVP ) ( EQ TO POLYVIDONE)(EQ TO POLYVINYLPYRROLIDONE),,POVIDONE (EQ TO POLYVINYL PYRROLIDONE)( EQ TO PVP ) ( EQ TO POLYVIDONE)(EQ TO POLYVINYLPYRROLIDONE),POVIDONE (EQ TO POLYVINYL PYRROLIDONE)( EQ TO PVP ) ( EQ TO POLYVIDONE)(EQ TO POLYVINYLPYRROLIDONE),POVIDONE,viscosity_agent,false,SRC002
S00271,POVIDONE CL,POVIDONE CL,,POVIDONE CL,POVIDONE CL,POVIDONE CL,viscosity_agent,false,SRC002
S00272,PREDNISOLONE,PREDNISOLONE,,PREDNISOLONE,PREDNISOLONE,PREDNISOLONE,active,false,SRC002
S00273,PREDNISOLONE (ACETATE),PREDNISOLONE (ACETATE),,PREDNISOLONE (ACETATE),PREDNISOLONE (ACETATE),PREDNISOLONE,active,false,SRC002
S00274,PREDNISOLONE (PHOSPHATE SODIUM),PREDNISOLONE (PHOSPHATE SODIUM),,PREDNISOLONE (PHOSPHATE SODIUM),PREDNISOLONE (PHOSPHATE SODIUM),PREDNISOLONE,buffer,false,SRC002
S00275,PREDNISOLONE 21- ACETATE,PREDNISOLONE 21- ACETATE,,PREDNISOLONE 21- ACETATE,PREDNISOLONE 21- ACETATE,PREDNISOLONE,active,false,SRC002
S00276,PREDNISOLONE ACETATE,PREDNISOLONE ACETATE,,PREDNISOLONE ACETATE,PREDNISOLONE ACETATE,PREDNISOLONE,active,false,SRC002
S00277,PREDNISOLONE PHOSPHATE (SODIUM),PREDNISOLONE PHOSPHATE (SODIUM),,PREDNISOLONE PHOSPHATE (SODIUM),PREDNISOLONE PHOSPHATE (SODIUM),PREDNISOLONE,buffer,false,SRC002
S00278,PREDNISOLONE PHOSPHATE SODIUM,PREDNISOLONE PHOSPHATE SODIUM,,PREDNISOLONE PHOSPHATE SODIUM,PREDNISOLONE PHOSPHATE SODIUM,PREDNISOLONE,buffer,false,SRC002
S00279,PROCAINE HCL,PROCAINE HCL,,PROCAINE HCL,PROCAINE HCL,PROCAINE HCL,active,false,SRC002
S00280,PROPARACAINE HCL,PROPARACAINE HCL,,PROPARACAINE HCL,PROPARACAINE HCL,PROPARACAINE HCL,active,false,SRC002
S00281,PROPYLENE GLYCOL,PROPYLENE GLYCOL,,PROPYLENE GLYCOL,PROPYLENE GLYCOL,PROPYLENE GLYCOL,other_excipient,false,SRC002
S00282,"PROPYLENE GLYCOL (EQ TO 1,2-DIHYDROXYPROPANE)(EQ TO 1,2-PROPANEDIOL)","PROPYLENE GLYCOL (EQ TO 1,2-DIHYDROXYPROPANE)(EQ TO 1,2-PROPANEDIOL)",,"PROPYLENE GLYCOL (EQ TO 1,2-DIHYDROXYPROPANE)(EQ TO 1,2-PROPANEDIOL)","PROPYLENE GLYCOL (EQ TO 1,2-DIHYDROXYPROPANE)(EQ TO 1,2-PROPANEDIOL)",PROPYLENE GLYCOL,other_excipient,false,SRC002
S00283,PYRIDOXAL 5-PHOSPHATE,PYRIDOXAL 5-PHOSPHATE,,PYRIDOXAL 5-PHOSPHATE,PYRIDOXAL 5-PHOSPHATE,PYRIDOXAL 5-PHOSPHATE,buffer,false,SRC002
S00284,PYRIDOXINE HCL,PYRIDOXINE HCL,,PYRIDOXINE HCL,PYRIDOXINE HCL,PYRIDOXINE HCL,active,false,SRC002
S00285,PYRIDOXINE HYDROCHLORIDE,PYRIDOXINE HYDROCHLORIDE,,PYRIDOXINE HYDROCHLORIDE,PYRIDOXINE HYDROCHLORIDE,PYRIDOXINE HYDROCHLORIDE,active,false,SRC002
S00286,PYRILAMINE MALEATE (MEPYRAMINE MALEATE),PYRILAMINE MALEATE (MEPYRAMINE MALEATE),,PYRILAMINE MALEATE (MEPYRAMINE MALEATE),PYRILAMINE MALEATE (MEPYRAMINE MALEATE),PYRILAMINE MALEATE,active,false,SRC002
S00287,RETINOL PALMITATE,RETINOL PALMITATE,,RETINOL PALMITATE,RETINOL PALMITATE,RETINOL PALMITATE,active,false,SRC002
S00288,RIBOFLAVIN (VIT B2),RIBOFLAVIN (VIT B2),,RIBOFLAVIN (VIT B2),RIBOFLAVIN (VIT B2),RIBOFLAVIN,active,false,SRC002
S00289,RIBOFLAVIN PHOSPHATE SODIUM,RIBOFLAVIN PHOSPHATE SODIUM,,RIBOFLAVIN PHOSPHATE SODIUM,RIBOFLAVIN PHOSPHATE SODIUM,RIBOFLAVIN PHOSPHATE SODIUM,buffer,false,SRC002
S00290,RIMEXOLONE,RIMEXOLONE,,RIMEXOLONE,RIMEXOLONE,RIMEXOLONE,active,false,SRC002
S00291,"SODIUM 5,12-DIHYDROAZAPENTACENE DISULFONATE","SODIUM 5,12-DIHYDROAZAPENTACENE DISULFONATE",,"SODIUM 5,12-DIHYDROAZAPENTACENE DISULFONATE","SODIUM 5,12-DIHYDROAZAPENTACENE DISULFONATE","SODIUM 5,12-DIHYDROAZAPENTACENE DISULFONATE",active,false,SRC002
S00292,SODIUM BICARBONATE ( EQ TO SODIUM HYDROGEN CARBONATE),SODIUM BICARBONATE ( EQ TO SODIUM HYDROGEN CARBONATE),,SODIUM BICARBONATE ( EQ TO SODIUM HYDROGEN CARBONATE),SODIUM BICARBONATE ( EQ TO SODIUM HYDROGEN CARBONATE),SODIUM BICARBONATE,active,false,SRC002
S00293,SODIUM BISULFITE (EQ TO SODIUM HYDROGEN SULFITE),SODIUM BISULFITE (EQ TO SODIUM HYDROGEN SULFITE),,SODIUM BISULFITE (EQ TO SODIUM HYDROGEN SULFITE),SODIUM BISULFITE (EQ TO SODIUM HYDROGEN SULFITE),SODIUM BISULFITE,antioxidant,false,SRC002
S00294,SODIUM BORATE (SODIUM BIBORATESODIUM TETRABORATE,SODIUM BORATE (SODIUM BIBORATESODIUM TETRABORATE,,SODIUM BORATE (SODIUM BIBORATESODIUM TETRABORATE,SODIUM BORATE (SODIUM BIBORATESODIUM TETRABORATE,SODIUM BORATE,buffer,false,SRC002
S00295,SODIUM BORATE DECAHYDRATE (BORAX),SODIUM BORATE DECAHYDRATE (BORAX),,SODIUM BORATE DECAHYDRATE (BORAX),SODIUM BORATE DECAHYDRATE (BORAX),SODIUM BORATE DECAHYDRATE,buffer,false,SRC002
S00296,SODIUM CARBONATE,SODIUM CARBONATE,,SODIUM CARBONATE,SODIUM CARBONATE,SODIUM CARBONATE,active,false,SRC002
S00297,SODIUM CARBONATE ANHYDROUS,SODIUM CARBONATE ANHYDROUS,,SODIUM CARBONATE ANHYDROUS,SODIUM CARBONATE ANHYDROUS,SODIUM CARBONATE ANHYDROUS,active,false,SRC002
S00298,SODIUM CARBOXYMETHYL CELLULOSE,SODIUM CARBOXYMETHYL CELLULOSE,,SODIUM CARBOXYMETHYL CELLULOSE,SODIUM CARBOXYMETHYL CELLULOSE,SODIUM CARBOXYMETHYL CELLULOSE,active,false,SRC002
S00299,SODIUM CARBOXYMETHYLCELLULOSE (TYPE 7H3SXF10-15),SODIUM CARBOXYMETHYLCELLULOSE (TYPE 7H3SXF10-15),,SODIUM CARBOXYMETHYLCELLULOSE (TYPE 7H3SXF10-15),SODIUM CARBOXYMETHYLCELLULOSE (TYPE 7H3SXF10-15),CARBOXYMETHYLCELLULOSE,viscosity_agent,false,SRC002
S00300,SODIUM CARBOXYMETHYLCELLULOSE (TYPE 7M8SFPH),SODIUM CARBOXYMETHYLCELLULOSE (TYPE 7M8SFPH),,SODIUM CARBOXYMETHYLCELLULOSE (TYPE 7M8SFPH),SODIUM CARBOXYMETHYLCELLULOSE (TYPE 7M8SFPH),CARBOXYMETHYLCELLULOSE,viscosity_agent,false,SRC002
S00301,SODIUM CHLORIDE,SODIUM CHLORIDE,,SODIUM CHLORIDE,SODIUM CHLORIDE,SODIUM CHLORIDE,tonicity_agent,false,SRC002
S00302,SODIUM CITRATE (SODIUM CITRATE TRIBASIC),SODIUM CITRATE (SODIUM CITRATE TRIBASIC),,SODIUM CITRATE (SODIUM CITRATE TRIBASIC),SODIUM CITRATE (SODIUM CITRATE TRIBASIC),SODIUM CITRATE,buffer,false,SRC002
S00303,SODIUM DIHYDROGEN PHOSPHATE DIHYDRATE,SODIUM DIHYDROGEN PHOSPHATE DIHYDRATE,,SODIUM DIHYDROGEN PHOSPHATE DIHYDRATE,SODIUM DIHYDROGEN PHOSPHATE DIHYDRATE,SODIUM DIHYDROGEN PHOSPHATE DIHYDRATE,buffer,false,SRC002
S00304,SODIUM HYDROXIDE,SODIUM HYDROXIDE,,SODIUM HYDROXIDE,SODIUM HYDROXIDE,SODIUM HYDROXIDE,ph_adjuster,false,SRC002
S00305,SODIUM METABISULFITE (SOD. PYROSULFITE),SODIUM METABISULFITE (SOD. PYROSULFITE),,SODIUM METABISULFITE (SOD. PYROSULFITE),SODIUM METABISULFITE (SOD. PYROSULFITE),SODIUM METABISULFITE,antioxidant,false,SRC002
S00306,SODIUM PHOSPHATE DIBASIC (eq to DISOD. HYDROGEN PHOSPHATE) (eq to DISODIUM PHOSPHATE),SODIUM PHOSPHATE DIBASIC (EQ TO DISOD. HYDROGEN PHOSPHATE) (EQ TO DISODIUM PHOSPHATE),,SODIUM PHOSPHATE DIBASIC (EQ TO DISOD. HYDROGEN PHOSPHATE) (EQ TO DISODIUM PHOSPHATE),SODIUM PHOSPHATE DIBASIC (EQ TO DISOD. HYDROGEN PHOSPHATE) (EQ TO DISODIUM PHOSPHATE),SODIUM PHOSPHATE DIBASIC,buffer,false,SRC002
S00307,SODIUM PHOSPHATE DIBASIC ANHYDROUS (EQ TO DISODIUM HYDROGEN PHOSPHATE ANHYDROUS)(EQ TO DIBASIC SODIUM PHOSPHATE ANHYDROUS)(DISODIUM PHOSPHATE ANHYDROUS),SODIUM PHOSPHATE DIBASIC ANHYDROUS (EQ TO DISODIUM HYDROGEN PHOSPHATE ANHYDROUS)(EQ TO DIBASIC SODIUM PHOSPHATE ANHYDROUS)(DISODIUM PHOSPHATE ANHYDROUS),,SODIUM PHOSPHATE DIBASIC ANHYDROUS (EQ TO DISODIUM HYDROGEN PHOSPHATE ANHYDROUS)(EQ TO DIBASIC SODIUM PHOSPHATE ANHYDROUS)(DISODIUM PHOSPHATE ANHYDROUS),SODIUM PHOSPHATE DIBASIC ANHYDROUS (EQ TO DISODIUM HYDROGEN PHOSPHATE ANHYDROUS)(EQ TO DIBASIC SODIUM PHOSPHATE ANHYDROUS)(DISODIUM PHOSPHATE ANHYDROUS),SODIUM PHOSPHATE DIBASIC ANHYDROUS,buffer,false,SRC002
S00308,SODIUM PHOSPHATE DIBASIC HEPTAHYDRATE,SODIUM PHOSPHATE DIBASIC HEPTAHYDRATE,,SODIUM PHOSPHATE DIBASIC HEPTAHYDRATE,SODIUM PHOSPHATE DIBASIC HEPTAHYDRATE,SODIUM PHOSPHATE DIBASIC HEPTAHYDRATE,buffer,false,SRC002
S00309,SODIUM PHOSPHATE MONOBASIC (EQ TO MONOSODIUM PHOSPHATE)(EQ TO SODIUM DIHYDROGEN PHOSPHATE),SODIUM PHOSPHATE MONOBASIC (EQ TO MONOSODIUM PHOSPHATE)(EQ TO SODIUM DIHYDROGEN PHOSPHATE),,SODIUM PHOSPHATE MONOBASIC (EQ TO MONOSODIUM PHOSPHATE)(EQ TO SODIUM DIHYDROGEN PHOSPHATE),SODIUM PHOSPHATE MONOBASIC (EQ TO MONOSODIUM PHOSPHATE)(EQ TO SODIUM DIHYDROGEN PHOSPHATE),SODIUM PHOSPHATE MONOBASIC,buffer,false,SRC002
S00310,SODIUM PHOSPHATE TRIBASIC,SODIUM PHOSPHATE TRIBASIC,,SODIUM PHOSPHATE TRIBASIC,SODIUM PHOSPHATE TRIBASIC,SODIUM PHOSPHATE TRIBASIC,buffer,false,SRC002
S00311,SODIUM THIOSULFATE,SODIUM THIOSULFATE,,SODIUM THIOSULFATE,SODIUM THIOSULFATE,SODIUM THIOSULFATE,antioxidant,false,SRC002
S00312,SOLCOSERYL,SOLCOSERYL,,SOLCOSERYL,SOLCOSERYL,SOLCOSERYL,active,false,SRC002
S00313,SORBIC ACID,SORBIC ACID,,SORBIC ACID,SORBIC ACID,SORBIC ACID,preservative,false,SRC002
S00314,SULFACETAMIDE,SULFACETAMIDE,,SULFACETAMIDE,SULFACETAMIDE,SULFACETAMIDE,active,false,SRC002
S00315,SULFACETAMIDE SODIUM,SULFACETAMIDE SODIUM,,SULFACETAMIDE SODIUM,SULFACETAMIDE SODIUM,SULFACETAMIDE SODIUM,active,false,SRC002
S00316,SULFAMETHOXAZOLE,SULFAMETHOXAZOLE,,SULFAMETHOXAZOLE,SULFAMETHOXAZOLE,SULFAMETHOXAZOLE,active,false,SRC002
S00317,SULFAMETHOXAZOLE SODIUM,SULFAMETHOXAZOLE SODIUM,,SULFAMETHOXAZOLE SODIUM,SULFAMETHOXAZOLE SODIUM,SULFAMETHOXAZOLE SODIUM,active,false,SRC002
S00318,SULFISOMIDINE,SULFISOMIDINE,,SULFISOMIDINE,SULFISOMIDINE,SULFISOMIDINE,active,false,SRC002
S00319,SUPROFEN (MADOCIL),SUPROFEN (MADOCIL),,SUPROFEN (MADOCIL),SUPROFEN (MADOCIL),SUPROFEN,active,false,SRC002
S00320,TAFLUPROST,TAFLUPROST,,TAFLUPROST,TAFLUPROST,TAFLUPROST,active,false,SRC002
S00321,TAURINE (EQ TO 2-AMINOETHANE SULFONIC ACID),TAURINE (EQ TO 2-AMINOETHANE SULFONIC ACID),,TAURINE (EQ TO 2-AMINOETHANE SULFONIC ACID),TAURINE (EQ TO 2-AMINOETHANE SULFONIC ACID),TAURINE,active,false,SRC002
S00322,TAURINE (EQ TO AMINOETHYL SULFONIC ACID ),TAURINE (EQ TO AMINOETHYL SULFONIC ACID ),,TAURINE (EQ TO AMINOETHYL SULFONIC ACID ),TAURINE (EQ TO AMINOETHYL SULFONIC ACID ),TAURINE,active,false,SRC002
S00323,TETRACAINE,TETRACAINE,,TETRACAINE,TETRACAINE,TETRACAINE,active,false,SRC002
S00324,TETRACAINE HCL,TETRACAINE HCL,,TETRACAINE HCL,TETRACAINE HCL,TETRACAINE HCL,active,false,SRC002
S00325,TETRACYCLINE (HCL),TETRACYCLINE (HCL),,TETRACYCLINE (HCL),TETRACYCLINE (HCL),TETRACYCLINE,active,false,SRC002
S00326,TETRACYCLINE HCL (EQ TO TETRACYCLINE HYDROCHLORIDE),TETRACYCLINE HCL (EQ TO TETRACYCLINE HYDROCHLORIDE),,TETRACYCLINE HCL (EQ TO TETRACYCLINE HYDROCHLORIDE),TETRACYCLINE HCL (EQ TO TETRACYCLINE HYDROCHLORIDE),TETRACYCLINE HCL,active,false,SRC002
S00327,TETRAHYDROZOLINE (TETRYZOLIN),TETRAHYDROZOLINE (TETRYZOLIN),,TETRAHYDROZOLINE (TETRYZOLIN),TETRAHYDROZOLINE (TETRYZOLIN),TETRAHYDROZOLINE,active,false,SRC002
S00328,TETRAHYDROZOLINE HCL,TETRAHYDROZOLINE HCL,,TETRAHYDROZOLINE HCL,TETRAHYDROZOLINE HCL,TETRAHYDROZOLINE,active,false,SRC002
S00329,Tetryzoline Hydrochloride (eq to Tetrahydrozoline Hydrochloride),TETRYZOLINE HYDROCHLORIDE (EQ TO TETRAHYDROZOLINE HYDROCHLORIDE),,TETRYZOLINE HYDROCHLORIDE (EQ TO TETRAHYDROZOLINE HYDROCHLORIDE),TETRYZOLINE HYDROCHLORIDE (EQ TO TETRAHYDROZOLINE HYDROCHLORIDE),TETRAHYDROZOLINE,active,false,SRC002
S00330,THIMEROSAL (EQ TO SODIUM ETHYLMERCURITHIOSALICYLATE),THIMEROSAL (EQ TO SODIUM ETHYLMERCURITHIOSALICYLATE),,THIMEROSAL (EQ TO SODIUM ETHYLMERCURITHIOSALICYLATE),THIMEROSAL (EQ TO SODIUM ETHYLMERCURITHIOSALICYLATE),THIMEROSAL,preservative,false,SRC002
S00331,TIMOLOL,TIMOLOL,,TIMOLOL,TIMOLOL,TIMOLOL,active,false,SRC002
S00332,TIMOLOL (AS MALEATE),TIMOLOL (AS MALEATE),,TIMOLOL (AS MALEATE),TIMOLOL (AS MALEATE),TIMOLOL,active,false,SRC002
S00333,TIMOLOL (MALEATE),TIMOLOL (MALEATE),,TIMOLOL (MALEATE),TIMOLOL (MALEATE),TIMOLOL,active,false,SRC002
S00334,TIMOLOL MALEATE,TIMOLOL MALEATE,,TIMOLOL MALEATE,TIMOLOL MALEATE,TIMOLOL,active,false,SRC002
S00335,TOBRAMYCIN,TOBRAMYCIN,,TOBRAMYCIN,TOBRAMYCIN,TOBRAMYCIN,active,false,SRC002
S00336,TOBRAMYCIN (SULFATE),TOBRAMYCIN (SULFATE),,TOBRAMYCIN (SULFATE),TOBRAMYCIN (SULFATE),TOBRAMYCIN,active,false,SRC002
S00337,TOCOPHEROL ACETATE,TOCOPHEROL ACETATE,,TOCOPHEROL ACETATE,TOCOPHEROL ACETATE,TOCOPHEROL ACETATE,active,false,SRC002
S00338,TOCOPHEROL ACETATE ALPHA D-,TOCOPHEROL ACETATE ALPHA D-,,TOCOPHEROL ACETATE ALPHA D-,TOCOPHEROL ACETATE ALPHA D-,TOCOPHEROL ACETATE ALPHA D-,active,false,SRC002
S00339,TOCOPHEROL ACETATE ALPHA DL-,TOCOPHEROL ACETATE ALPHA DL-,,TOCOPHEROL ACETATE ALPHA DL-,TOCOPHEROL ACETATE ALPHA DL-,TOCOPHEROL ACETATE ALPHA DL-,active,false,SRC002
S00340,TRAVOPROST,TRAVOPROST,,TRAVOPROST,TRAVOPROST,TRAVOPROST,active,false,SRC002
S00341,TRIAMCINOLONE ACETONIDE,TRIAMCINOLONE ACETONIDE,,TRIAMCINOLONE ACETONIDE,TRIAMCINOLONE ACETONIDE,TRIAMCINOLONE ACETONIDE,active,false,SRC002
S00342,TRIAMCINOLONE ACETONIDE (HEMISUCCINATE),TRIAMCINOLONE ACETONIDE (HEMISUCCINATE),,TRIAMCINOLONE ACETONIDE (HEMISUCCINATE),TRIAMCINOLONE ACETONIDE (HEMISUCCINATE),TRIAMCINOLONE ACETONIDE,active,false,SRC002
S00343,TRIFLUORMETHYL-5-2-DESOXYURIDIN,TRIFLUORMETHYL-5-2-DESOXYURIDIN,,TRIFLUORMETHYL-5-2-DESOXYURIDIN,TRIFLUORMETHYL-5-2-DESOXYURIDIN,TRIFLUORMETHYL-5-2-DESOXYURIDIN,active,false,SRC002
S00344,TRIMETHOPRIM,TRIMETHOPRIM,,TRIMETHOPRIM,TRIMETHOPRIM,TRIMETHOPRIM,active,false,SRC002
S00345,TROPICAMIDE,TROPICAMIDE,,TROPICAMIDE,TROPICAMIDE,TROPICAMIDE,active,false,SRC002
S00346,TYLOXAPOL (SUPERINONE),TYLOXAPOL (SUPERINONE),,TYLOXAPOL (SUPERINONE),TYLOXAPOL (SUPERINONE),TYLOXAPOL,surfactant,false,SRC002
S00347,TYROTHRICIN,TYROTHRICIN,,TYROTHRICIN,TYROTHRICIN,TYROTHRICIN,active,false,SRC002
S00348,VIDARABINE,VIDARABINE,,VIDARABINE,VIDARABINE,VIDARABINE,active,false,SRC002
S00349,VITAMIN A,VITAMIN A,,VITAMIN A,VITAMIN A,VITAMIN A,active,false,SRC002
S00350,VITAMIN A PALMITATE,VITAMIN A PALMITATE,,VITAMIN A PALMITATE,VITAMIN A PALMITATE,VITAMIN A PALMITATE,active,false,SRC002
S00351,VITAMIN A PALMITATE IN OILY SOLUTION,VITAMIN A PALMITATE IN OILY SOLUTION,,VITAMIN A PALMITATE IN OILY SOLUTION,VITAMIN A PALMITATE IN OILY SOLUTION,VITAMIN A PALMITATE IN OILY SOLUTION,active,false,SRC002
S00352,VITAMIN A WATER MISCIBLE,VITAMIN A WATER MISCIBLE,,VITAMIN A WATER MISCIBLE,VITAMIN A WATER MISCIBLE,VITAMIN A WATER MISCIBLE,active,false,SRC002
S00353,WATER DISTILLED (EQ TO DISTILLED WATER),WATER DISTILLED (EQ TO DISTILLED WATER),,WATER DISTILLED (EQ TO DISTILLED WATER),WATER DISTILLED (EQ TO DISTILLED WATER),WATER DISTILLED,vehicle,false,SRC002
S00354,WATER PURIFIED ( EQ TO AQUEOUS PURIFIED OR PURIFIED WATER ),WATER PURIFIED ( EQ TO AQUEOUS PURIFIED OR PURIFIED WATER ),,WATER PURIFIED ( EQ TO AQUEOUS PURIFIED OR PURIFIED WATER ),WATER PURIFIED ( EQ TO AQUEOUS PURIFIED OR PURIFIED WATER ),WATER PURIFIED,vehicle,false,SRC002
S00355,WHITE SOFT PARAFFIN (EQ TO WHITE PETROLATUM)(EQ TO PARAFFIN WHITE SOFT),WHITE SOFT PARAFFIN (EQ TO WHITE PETROLATUM)(EQ TO PARAFFIN WHITE SOFT),,WHITE SOFT PARAFFIN (EQ TO WHITE PETROLATUM)(EQ TO PARAFFIN WHITE SOFT),WHITE SOFT PARAFFIN (EQ TO WHITE PETROLATUM)(EQ TO PARAFFIN WHITE SOFT),WHITE SOFT PARAFFIN,ointment_base,false,SRC002
S00356,ZINC (ZINC SULFATE),ZINC (ZINC SULFATE),,ZINC (ZINC SULFATE),ZINC (ZINC SULFATE),ZINC,active,false,SRC002
S00357,ZINC LACTATE,ZINC LACTATE,,ZINC LACTATE,ZINC LACTATE,ZINC LACTATE,active,false,SRC002
S00358,ZINC SULFATE,ZINC SULFATE,,ZINC SULFATE,ZINC SULFATE,ZINC SULFATE,active,false,SRC002
S00359,ZINC SULFATE 7H2O,ZINC SULFATE 7H2O,,ZINC SULFATE 7H2O,ZINC SULFATE 7H2O,ZINC SULFATE 7H2O,active,false,SRC002
S00360,ZINC SULFATE HEPTAHYDRATE,ZINC SULFATE HEPTAHYDRATE,,ZINC SULFATE HEPTAHYDRATE,ZINC SULFATE HEPTAHYDRATE,ZINC SULFATE HEPTAHYDRATE,active,false,SRC002
S00361,Zinc sulfate hydrate,ZINC SULFATE HYDRATE,,ZINC SULFATE HYDRATE,ZINC SULFATE HYDRATE,ZINC SULFATE HYDRATE,active,false,SRC002
S00362,ZINC SULFATE MONOHYDRATE,ZINC SULFATE MONOHYDRATE,,ZINC SULFATE MONOHYDRATE,ZINC SULFATE MONOHYDRATE,ZINC SULFATE MONOHYDRATE,active,false,SRC002
