herb,product_count_from_inferred_parent,formula_count,explicit_indication_link_count,unclassified_phrase_link_count,top_explicit_indication_labels,evidence_scope
茯苓,4433,64,9336,7150,呼吸／感冒／痰多／祛痰 (745) | 眼耳鼻喉／眼睛乾澀／視力不清 (646) | 消化／消化不良／食慾不振 (638) | 疼痛／筋骨／外傷／腰痛／腰膝痠痛 (571) | 呼吸／感冒／咳嗽 (543) | 其他明確症狀／頭暈／眩暈 (541) | 其他明確症狀／消渴／口渴 (527) | 全身／虛損／氣血不足／貧血 (421) | 消化／噁心／嘔吐 (329) | 全身／虛損／疲勞／倦怠 (299) | 全身／虛損／盜汗／自汗 (290) | 泌尿／腎／遺精／滑精 (274) | 呼吸／感冒／咽喉痛／聲音沙啞 (267) | 婦科／月經不調 (265) | 睡眠／精神／焦慮／心悸 (248) | 泌尿／腎／夜尿／頻尿 (247) | 眼耳鼻喉／耳鳴／耳聾 (231) | 睡眠／精神／健忘／精神恍惚 (217) | 泌尿／腎／小便不利／澀痛 (201) | 疼痛／筋骨／外傷／跌打損傷／瘀傷 (195),inferred-parent formula composition; official indication phrase taxonomy
當歸,4386,61,7488,7961,全身／虛損／氣血不足／貧血 (745) | 全身／虛損／疲勞／倦怠 (602) | 婦科／月經不調 (510) | 睡眠／精神／焦慮／心悸 (496) | 消化／消化不良／食慾不振 (426) | 消化／便秘 (385) | 眼耳鼻喉／耳鳴／耳聾 (379) | 疼痛／筋骨／外傷／腰痛／腰膝痠痛 (314) | 睡眠／精神／健忘／精神恍惚 (284) | 疼痛／筋骨／外傷／跌打損傷／瘀傷 (275) | 婦科／產後調理／廣泛產後症狀 (224) | 婦科／白帶 (222) | 消化／腹痛 (222) | 皮膚／外科／瘡瘍／腫毒 (185) | 呼吸／感冒／咳嗽 (178) | 呼吸／感冒／痰多／祛痰 (171) | 睡眠／精神／失眠 (159) | 泌尿／腎／小便不利／澀痛 (151) | 其他明確症狀／頭暈／眩暈 (139) | 疼痛／筋骨／外傷／關節／風濕疼痛 (129),inferred-parent formula composition; official indication phrase taxonomy
甘草,4163,75,6594,6759,呼吸／感冒／咳嗽 (885) | 呼吸／感冒／痰多／祛痰 (761) | 疼痛／筋骨／外傷／頭痛 (453) | 眼耳鼻喉／耳鳴／耳聾 (377) | 呼吸／感冒／鼻塞／鼻炎 (350) | 呼吸／感冒／感冒 (314) | 消化／便秘 (283) | 疼痛／筋骨／外傷／跌打損傷／瘀傷 (260) | 其他明確症狀／消渴／口渴 (251) | 呼吸／感冒／咽喉痛／聲音沙啞 (249) | 泌尿／腎／小便不利／澀痛 (209) | 消化／消化不良／食慾不振 (185) | 皮膚／外科／瘡瘍／腫毒 (178) | 消化／噁心／嘔吐 (176) | 疼痛／筋骨／外傷／關節／風濕疼痛 (162) | 睡眠／精神／焦慮／心悸 (154) | 疼痛／筋骨／外傷／腰痛／腰膝痠痛 (148) | 皮膚／外科／皮膚搔癢／疹 (121) | 消化／腹脹／胃脹 (117) | 其他明確症狀／頭暈／眩暈 (87),inferred-parent formula composition; official indication phrase taxonomy
生薑,3547,67,6122,7412,消化／消化不良／食慾不振 (729) | 呼吸／感冒／痰多／祛痰 (604) | 消化／噁心／嘔吐 (590) | 呼吸／感冒／咳嗽 (563) | 疼痛／筋骨／外傷／頭痛 (401) | 全身／虛損／疲勞／倦怠 (341) | 全身／虛損／氣血不足／貧血 (258) | 呼吸／感冒／感冒 (241) | 消化／便秘 (239) | 呼吸／感冒／鼻塞／鼻炎 (209) | 消化／腹脹／胃脹 (188) | 其他明確症狀／頭暈／眩暈 (176) | 睡眠／精神／焦慮／心悸 (148) | 全身／虛損／盜汗／自汗 (127) | 消化／腹痛 (109) | 皮膚／外科／瘡瘍／腫毒 (108) | 疼痛／筋骨／外傷／腰痛／腰膝痠痛 (104) | 消化／胃酸逆流／泛酸 (93) | 疼痛／筋骨／外傷／關節／風濕疼痛 (89) | 皮膚／外科／皮膚搔癢／疹 (82),inferred-parent formula composition; official indication phrase taxonomy
炙甘草,3462,57,5795,7566,消化／消化不良／食慾不振 (789) | 消化／噁心／嘔吐 (496) | 全身／虛損／疲勞／倦怠 (405) | 全身／虛損／氣血不足／貧血 (391) | 呼吸／感冒／咳嗽 (318) | 疼痛／筋骨／外傷／頭痛 (281) | 呼吸／感冒／痰多／祛痰 (268) | 睡眠／精神／焦慮／心悸 (237) | 婦科／月經不調 (202) | 其他明確症狀／頭暈／眩暈 (157) | 疼痛／筋骨／外傷／關節／風濕疼痛 (155) | 呼吸／感冒／氣喘／喘促 (152) | 消化／腹痛 (148) | 呼吸／感冒／感冒 (147) | 疼痛／筋骨／外傷／腰痛／腰膝痠痛 (141) | 其他明確症狀／消渴／口渴 (118) | 疼痛／筋骨／外傷／肩背／肢體疼痛 (116) | 呼吸／感冒／鼻塞／鼻炎 (110) | 消化／腹脹／胃脹 (109) | 全身／虛損／盜汗／自汗 (102),inferred-parent formula composition; official indication phrase taxonomy
白芍,3462,50,5340,6499,全身／虛損／氣血不足／貧血 (644) | 婦科／月經不調 (440) | 全身／虛損／疲勞／倦怠 (388) | 疼痛／筋骨／外傷／腰痛／腰膝痠痛 (335) | 消化／腹痛 (253) | 消化／便秘 (250) | 消化／消化不良／食慾不振 (244) | 其他明確症狀／頭暈／眩暈 (204) | 婦科／白帶 (197) | 疼痛／筋骨／外傷／跌打損傷／瘀傷 (195) | 疼痛／筋骨／外傷／頭痛 (191) | 眼耳鼻喉／耳鳴／耳聾 (176) | 呼吸／感冒／咳嗽 (171) | 皮膚／外科／瘡瘍／腫毒 (169) | 婦科／產後調理／廣泛產後症狀 (135) | 睡眠／精神／焦慮／心悸 (133) | 疼痛／筋骨／外傷／關節／風濕疼痛 (119) | 呼吸／感冒／氣喘／喘促 (113) | 呼吸／感冒／痰多／祛痰 (104) | 消化／噁心／嘔吐 (99),inferred-parent formula composition; official indication phrase taxonomy
川芎,3337,42,5193,6278,全身／虛損／氣血不足／貧血 (475) | 疼痛／筋骨／外傷／頭痛 (345) | 婦科／月經不調 (317) | 全身／虛損／疲勞／倦怠 (304) | 呼吸／感冒／鼻塞／鼻炎 (289) | 疼痛／筋骨／外傷／腰痛／腰膝痠痛 (273) | 疼痛／筋骨／外傷／關節／風濕疼痛 (266) | 呼吸／感冒／感冒 (220) | 呼吸／感冒／咽喉痛／聲音沙啞 (201) | 消化／腹痛 (200) | 婦科／白帶 (194) | 呼吸／感冒／痰多／祛痰 (194) | 婦科／產後調理／廣泛產後症狀 (188) | 皮膚／外科／瘡瘍／腫毒 (187) | 消化／便秘 (149) | 消化／消化不良／食慾不振 (133) | 呼吸／感冒／咳嗽 (123) | 其他明確症狀／頭暈／眩暈 (118) | 睡眠／精神／焦慮／心悸 (99) | 眼耳鼻喉／耳鳴／耳聾 (96),inferred-parent formula composition; official indication phrase taxonomy
大棗,2779,50,4719,6201,消化／消化不良／食慾不振 (792) | 消化／噁心／嘔吐 (469) | 全身／虛損／疲勞／倦怠 (341) | 呼吸／感冒／痰多／祛痰 (337) | 呼吸／感冒／咳嗽 (286) | 全身／虛損／盜汗／自汗 (275) | 全身／虛損／氣血不足／貧血 (252) | 疼痛／筋骨／外傷／頭痛 (235) | 泌尿／腎／遺精／滑精 (148) | 呼吸／感冒／鼻塞／鼻炎 (141) | 睡眠／精神／焦慮／心悸 (140) | 呼吸／感冒／感冒 (139) | 其他明確症狀／頭暈／眩暈 (123) | 消化／腹脹／胃脹 (121) | 消化／便秘 (93) | 消化／腹痛 (93) | 消化／胃酸逆流／泛酸 (80) | 其他明確症狀／消渴／口渴 (71) | 疼痛／筋骨／外傷／腰痛／腰膝痠痛 (65) | 婦科／月經不調 (65),inferred-parent formula composition; official indication phrase taxonomy
人參,2741,49,4856,5577,消化／消化不良／食慾不振 (662) | 全身／虛損／疲勞／倦怠 (443) | 消化／噁心／嘔吐 (425) | 全身／虛損／氣血不足／貧血 (358) | 呼吸／感冒／痰多／祛痰 (306) | 其他明確症狀／消渴／口渴 (238) | 呼吸／感冒／咳嗽 (234) | 睡眠／精神／健忘／精神恍惚 (211) | 疼痛／筋骨／外傷／腰痛／腰膝痠痛 (173) | 其他明確症狀／頭暈／眩暈 (168) | 睡眠／精神／焦慮／心悸 (158) | 疼痛／筋骨／外傷／頭痛 (148) | 泌尿／腎／夜尿／頻尿 (120) | 泌尿／腎／遺精／滑精 (109) | 泌尿／腎／遺尿 (100) | 疼痛／筋骨／外傷／關節／風濕疼痛 (94) | 呼吸／感冒／感冒 (77) | 睡眠／精神／失眠 (74) | 婦科／月經不調 (73) | 眼耳鼻喉／耳鳴／耳聾 (69),inferred-parent formula composition; official indication phrase taxonomy
熟地黃,2560,25,5224,4404,眼耳鼻喉／眼睛乾澀／視力不清 (658) | 疼痛／筋骨／外傷／腰痛／腰膝痠痛 (533) | 全身／虛損／氣血不足／貧血 (444) | 其他明確症狀／消渴／口渴 (422) | 其他明確症狀／頭暈／眩暈 (382) | 全身／虛損／盜汗／自汗 (325) | 全身／虛損／疲勞／倦怠 (306) | 呼吸／感冒／咽喉痛／聲音沙啞 (292) | 眼耳鼻喉／耳鳴／耳聾 (235) | 消化／消化不良／食慾不振 (186) | 婦科／月經不調 (185) | 泌尿／腎／遺精／滑精 (169) | 婦科／白帶 (125) | 消化／腹痛 (110) | 泌尿／腎／夜尿／頻尿 (97) | 呼吸／感冒／咳嗽 (96) | 泌尿／腎／小便不利／澀痛 (95) | 婦科／產後調理／廣泛產後症狀 (61) | 疼痛／筋骨／外傷／肩背／肢體疼痛 (61) | 呼吸／感冒／氣喘／喘促 (61),inferred-parent formula composition; official indication phrase taxonomy
白朮,2231,34,4465,4323,消化／消化不良／食慾不振 (791) | 全身／虛損／疲勞／倦怠 (475) | 全身／虛損／氣血不足／貧血 (450) | 呼吸／感冒／痰多／祛痰 (264) | 婦科／月經不調 (257) | 消化／噁心／嘔吐 (211) | 睡眠／精神／焦慮／心悸 (206) | 消化／便秘 (189) | 疼痛／筋骨／外傷／腰痛／腰膝痠痛 (156) | 其他明確症狀／頭暈／眩暈 (134) | 皮膚／外科／瘡瘍／腫毒 (123) | 消化／腹瀉 (108) | 泌尿／腎／小便不利／澀痛 (104) | 消化／腹痛 (100) | 消化／腹脹／胃脹 (97) | 全身／虛損／盜汗／自汗 (95) | 呼吸／感冒／咳嗽 (90) | 其他明確症狀／消渴／口渴 (72) | 疼痛／筋骨／外傷／頭痛 (61) | 婦科／妊娠相關症狀 (61),inferred-parent formula composition; official indication phrase taxonomy
黃芩,2200,38,3128,4934,消化／便秘 (717) | 眼耳鼻喉／耳鳴／耳聾 (352) | 消化／噁心／嘔吐 (201) | 皮膚／外科／瘡瘍／腫毒 (151) | 泌尿／腎／小便不利／澀痛 (151) | 其他明確症狀／頭暈／眩暈 (148) | 呼吸／感冒／咳嗽 (125) | 疼痛／筋骨／外傷／頭痛 (118) | 呼吸／感冒／痰多／祛痰 (112) | 呼吸／感冒／咽喉痛／聲音沙啞 (90) | 消化／腹脹／胃脹 (84) | 消化／腹痛 (74) | 疼痛／筋骨／外傷／跌打損傷／瘀傷 (70) | 其他明確症狀／消渴／口渴 (69) | 眼耳鼻喉／眼睛乾澀／視力不清 (65) | 睡眠／精神／焦慮／心悸 (62) | 婦科／月經不調 (60) | 呼吸／感冒／鼻塞／鼻炎 (45) | 婦科／產後調理／廣泛產後症狀 (40) | 婦科／經痛／經行腹痛 (37),inferred-parent formula composition; official indication phrase taxonomy
桔梗,1899,32,3001,3419,呼吸／感冒／咳嗽 (628) | 呼吸／感冒／痰多／祛痰 (493) | 呼吸／感冒／咽喉痛／聲音沙啞 (269) | 疼痛／筋骨／外傷／頭痛 (225) | 皮膚／外科／瘡瘍／腫毒 (179) | 消化／消化不良／食慾不振 (163) | 消化／便秘 (156) | 呼吸／感冒／感冒 (152) | 睡眠／精神／焦慮／心悸 (145) | 其他明確症狀／消渴／口渴 (85) | 呼吸／感冒／鼻塞／鼻炎 (75) | 睡眠／精神／健忘／精神恍惚 (59) | 眼耳鼻喉／耳鳴／耳聾 (58) | 疼痛／筋骨／外傷／跌打損傷／瘀傷 (52) | 疼痛／筋骨／外傷／關節／風濕疼痛 (49) | 睡眠／精神／失眠 (47) | 皮膚／外科／皮膚搔癢／疹 (46) | 呼吸／感冒／氣喘／喘促 (42) | 疼痛／筋骨／外傷／肩背／肢體疼痛 (33) | 其他明確症狀／頭暈／眩暈 (10),inferred-parent formula composition; official indication phrase taxonomy
陳皮,1693,36,3521,3257,消化／消化不良／食慾不振 (536) | 呼吸／感冒／痰多／祛痰 (475) | 呼吸／感冒／咳嗽 (373) | 消化／噁心／嘔吐 (351) | 全身／虛損／疲勞／倦怠 (157) | 消化／腹脹／胃脹 (144) | 消化／腹痛 (137) | 疼痛／筋骨／外傷／頭痛 (134) | 消化／胃酸逆流／泛酸 (119) | 呼吸／感冒／感冒 (118) | 其他明確症狀／頭暈／眩暈 (93) | 消化／腹瀉 (90) | 疼痛／筋骨／外傷／腰痛／腰膝痠痛 (82) | 婦科／白帶 (81) | 其他明確症狀／消渴／口渴 (66) | 婦科／月經不調 (56) | 全身／虛損／盜汗／自汗 (53) | 疼痛／筋骨／外傷／跌打損傷／瘀傷 (52) | 呼吸／感冒／鼻塞／鼻炎 (51) | 消化／胃痛／胃脘痛 (49),inferred-parent formula composition; official indication phrase taxonomy
半夏,1637,32,3071,2769,呼吸／感冒／痰多／祛痰 (682) | 呼吸／感冒／咳嗽 (624) | 消化／噁心／嘔吐 (498) | 其他明確症狀／頭暈／眩暈 (172) | 消化／消化不良／食慾不振 (161) | 呼吸／感冒／感冒 (146) | 消化／腹脹／胃脹 (118) | 疼痛／筋骨／外傷／頭痛 (107) | 消化／便秘 (92) | 呼吸／感冒／氣喘／喘促 (74) | 消化／腹瀉 (72) | 呼吸／感冒／咽喉痛／聲音沙啞 (60) | 消化／腹痛 (52) | 消化／胃酸逆流／泛酸 (47) | 呼吸／感冒／鼻塞／鼻炎 (35) | 消化／胃痛／胃脘痛 (28) | 其他明確症狀／消渴／口渴 (28) | 全身／虛損／疲勞／倦怠 (17) | 睡眠／精神／焦慮／心悸 (11) | 泌尿／腎／小便不利／澀痛 (10),inferred-parent formula composition; official indication phrase taxonomy
防風,1625,24,1629,3193,消化／便秘 (263) | 疼痛／筋骨／外傷／頭痛 (240) | 呼吸／感冒／鼻塞／鼻炎 (217) | 呼吸／感冒／感冒 (132) | 皮膚／外科／瘡瘍／腫毒 (131) | 疼痛／筋骨／外傷／關節／風濕疼痛 (126) | 皮膚／外科／皮膚搔癢／疹 (120) | 疼痛／筋骨／外傷／肩背／肢體疼痛 (76) | 疼痛／筋骨／外傷／腰痛／腰膝痠痛 (63) | 其他明確症狀／頭暈／眩暈 (43) | 呼吸／感冒／咳嗽 (38) | 消化／噁心／嘔吐 (35) | 眼耳鼻喉／耳鳴／耳聾 (31) | 全身／虛損／盜汗／自汗 (29) | 呼吸／感冒／痰多／祛痰 (18) | 眼耳鼻喉／眼睛乾澀／視力不清 (17) | 全身／虛損／疲勞／倦怠 (11) | 疼痛／筋骨／外傷／跌打損傷／瘀傷 (11) | 呼吸／感冒／咽喉痛／聲音沙啞 (8) | 其他明確症狀／消渴／口渴 (8),inferred-parent formula composition; official indication phrase taxonomy
大黃,1470,23,2008,2920,消化／便秘 (675) | 呼吸／感冒／咽喉痛／聲音沙啞 (193) | 皮膚／外科／瘡瘍／腫毒 (161) | 疼痛／筋骨／外傷／跌打損傷／瘀傷 (126) | 疼痛／筋骨／外傷／關節／風濕疼痛 (110) | 疼痛／筋骨／外傷／肩背／肢體疼痛 (109) | 其他明確症狀／頭暈／眩暈 (65) | 消化／腹脹／胃脹 (62) | 睡眠／精神／焦慮／心悸 (60) | 其他明確症狀／消渴／口渴 (48) | 眼耳鼻喉／眼睛乾澀／視力不清 (43) | 消化／噁心／嘔吐 (40) | 婦科／白帶 (29) | 疼痛／筋骨／外傷／頭痛 (29) | 呼吸／感冒／痰多／祛痰 (28) | 消化／消化不良／食慾不振 (28) | 消化／腹瀉 (23) | 皮膚／外科／皮膚搔癢／疹 (22) | 泌尿／腎／夜尿／頻尿 (21) | 消化／腹痛 (20),inferred-parent formula composition; official indication phrase taxonomy
柴胡,1457,25,2556,3099,眼耳鼻喉／耳鳴／耳聾 (340) | 消化／消化不良／食慾不振 (215) | 全身／虛損／疲勞／倦怠 (207) | 泌尿／腎／小便不利／澀痛 (172) | 消化／噁心／嘔吐 (165) | 婦科／月經不調 (143) | 全身／虛損／氣血不足／貧血 (140) | 消化／便秘 (133) | 其他明確症狀／頭暈／眩暈 (123) | 疼痛／筋骨／外傷／頭痛 (113) | 睡眠／精神／焦慮／心悸 (108) | 呼吸／感冒／咳嗽 (87) | 呼吸／感冒／痰多／祛痰 (85) | 消化／腹脹／胃脹 (74) | 婦科／白帶 (53) | 皮膚／外科／皮膚搔癢／疹 (47) | 疼痛／筋骨／外傷／跌打損傷／瘀傷 (42) | 皮膚／外科／瘡瘍／腫毒 (37) | 呼吸／感冒／鼻塞／鼻炎 (35) | 疼痛／筋骨／外傷／肩背／肢體疼痛 (34),inferred-parent formula composition; official indication phrase taxonomy
澤瀉,1391,17,3831,2369,眼耳鼻喉／眼睛乾澀／視力不清 (645) | 眼耳鼻喉／耳鳴／耳聾 (481) | 其他明確症狀／頭暈／眩暈 (437) | 其他明確症狀／消渴／口渴 (432) | 疼痛／筋骨／外傷／腰痛／腰膝痠痛 (391) | 泌尿／腎／小便不利／澀痛 (339) | 呼吸／感冒／咽喉痛／聲音沙啞 (239) | 全身／虛損／盜汗／自汗 (158) | 泌尿／腎／夜尿／頻尿 (95) | 消化／噁心／嘔吐 (70) | 婦科／月經不調 (68) | 婦科／妊娠相關症狀 (61) | 消化／腹瀉 (58) | 呼吸／感冒／痰多／祛痰 (54) | 消化／腹痛 (51) | 疼痛／筋骨／外傷／頭痛 (42) | 呼吸／感冒／咳嗽 (33) | 全身／虛損／疲勞／倦怠 (28) | 疼痛／筋骨／外傷／肩背／肢體疼痛 (28) | 泌尿／腎／遺尿 (21),inferred-parent formula composition; official indication phrase taxonomy
生地黃,1309,23,2079,2801,眼耳鼻喉／耳鳴／耳聾 (289) | 睡眠／精神／焦慮／心悸 (198) | 消化／便秘 (159) | 泌尿／腎／小便不利／澀痛 (155) | 疼痛／筋骨／外傷／腰痛／腰膝痠痛 (95) | 疼痛／筋骨／外傷／關節／風濕疼痛 (91) | 疼痛／筋骨／外傷／頭痛 (80) | 呼吸／感冒／咳嗽 (77) | 皮膚／外科／皮膚搔癢／疹 (75) | 睡眠／精神／失眠 (74) | 睡眠／精神／健忘／精神恍惚 (66) | 婦科／產後調理／廣泛產後症狀 (64) | 消化／腹痛 (63) | 呼吸／感冒／氣喘／喘促 (61) | 婦科／月經不調 (57) | 呼吸／感冒／咽喉痛／聲音沙啞 (57) | 疼痛／筋骨／外傷／跌打損傷／瘀傷 (45) | 呼吸／感冒／痰多／祛痰 (42) | 婦科／經痛／經行腹痛 (37) | 全身／虛損／盜汗／自汗 (36),inferred-parent formula composition; official indication phrase taxonomy
山梔子,1256,19,1708,2560,消化／便秘 (377) | 眼耳鼻喉／耳鳴／耳聾 (314) | 泌尿／腎／小便不利／澀痛 (152) | 皮膚／外科／瘡瘍／腫毒 (148) | 睡眠／精神／焦慮／心悸 (133) | 婦科／月經不調 (84) | 呼吸／感冒／痰多／祛痰 (82) | 全身／虛損／氣血不足／貧血 (79) | 呼吸／感冒／咳嗽 (59) | 其他明確症狀／消渴／口渴 (57) | 呼吸／感冒／鼻塞／鼻炎 (41) | 呼吸／感冒／咽喉痛／聲音沙啞 (36) | 眼耳鼻喉／眼睛乾澀／視力不清 (29) | 疼痛／筋骨／外傷／跌打損傷／瘀傷 (26) | 婦科／崩漏／月經過多 (18) | 消化／腹脹／胃脹 (11) | 疼痛／筋骨／外傷／關節／風濕疼痛 (11) | 其他明確症狀／頭暈／眩暈 (10) | 婦科／更年期症狀 (10) | 皮膚／外科／皮膚搔癢／疹 (7),inferred-parent formula composition; official indication phrase taxonomy
黃耆,1242,21,1913,2702,全身／虛損／疲勞／倦怠 (370) | 消化／消化不良／食慾不振 (279) | 全身／虛損／氣血不足／貧血 (239) | 全身／虛損／盜汗／自汗 (110) | 睡眠／精神／焦慮／心悸 (107) | 婦科／產後調理／廣泛產後症狀 (75) | 疼痛／筋骨／外傷／腰痛／腰膝痠痛 (66) | 眼耳鼻喉／耳鳴／耳聾 (63) | 其他明確症狀／消渴／口渴 (59) | 疼痛／筋骨／外傷／頭痛 (55) | 婦科／月經不調 (53) | 皮膚／外科／瘡瘍／腫毒 (47) | 呼吸／感冒／痰多／祛痰 (45) | 其他明確症狀／頭暈／眩暈 (40) | 皮膚／外科／皮膚搔癢／疹 (36) | 睡眠／精神／健忘／精神恍惚 (35) | 婦科／乳房／泌乳相關 (32) | 泌尿／腎／遺精／滑精 (31) | 疼痛／筋骨／外傷／肩背／肢體疼痛 (28) | 消化／腹痛 (24),inferred-parent formula composition; official indication phrase taxonomy
薄荷,1236,18,2269,1805,呼吸／感冒／咳嗽 (279) | 呼吸／感冒／咽喉痛／聲音沙啞 (262) | 疼痛／筋骨／外傷／頭痛 (216) | 消化／便秘 (194) | 呼吸／感冒／痰多／祛痰 (173) | 呼吸／感冒／鼻塞／鼻炎 (173) | 婦科／月經不調 (125) | 全身／虛損／氣血不足／貧血 (122) | 皮膚／外科／瘡瘍／腫毒 (106) | 其他明確症狀／消渴／口渴 (106) | 全身／虛損／疲勞／倦怠 (78) | 睡眠／精神／焦慮／心悸 (78) | 呼吸／感冒／感冒 (62) | 消化／消化不良／食慾不振 (56) | 皮膚／外科／皮膚搔癢／疹 (46) | 疼痛／筋骨／外傷／肩背／肢體疼痛 (36) | 消化／腹脹／胃脹 (33) | 疼痛／筋骨／外傷／關節／風濕疼痛 (22) | 眼耳鼻喉／眼睛乾澀／視力不清 (20) | 其他明確症狀／頭暈／眩暈 (19),inferred-parent formula composition; official indication phrase taxonomy
牡丹皮,1160,12,3501,1681,眼耳鼻喉／眼睛乾澀／視力不清 (645) | 其他明確症狀／消渴／口渴 (397) | 其他明確症狀／頭暈／眩暈 (371) | 疼痛／筋骨／外傷／腰痛／腰膝痠痛 (364) | 睡眠／精神／焦慮／心悸 (241) | 呼吸／感冒／咽喉痛／聲音沙啞 (238) | 疼痛／筋骨／外傷／跌打損傷／瘀傷 (194) | 眼耳鼻喉／耳鳴／耳聾 (192) | 全身／虛損／盜汗／自汗 (131) | 泌尿／腎／夜尿／頻尿 (95) | 泌尿／腎／小便不利／澀痛 (95) | 婦科／月經不調 (92) | 全身／虛損／氣血不足／貧血 (80) | 睡眠／精神／健忘／精神恍惚 (67) | 婦科／經痛／經行腹痛 (47) | 睡眠／精神／失眠 (43) | 婦科／妊娠相關症狀 (42) | 婦科／閉經 (42) | 全身／虛損／疲勞／倦怠 (18) | 泌尿／腎／遺尿 (18),inferred-parent formula composition; official indication phrase taxonomy
山藥,1135,11,3068,1633,眼耳鼻喉／眼睛乾澀／視力不清 (645) | 其他明確症狀／消渴／口渴 (399) | 疼痛／筋骨／外傷／腰痛／腰膝痠痛 (371) | 其他明確症狀／頭暈／眩暈 (359) | 全身／虛損／盜汗／自汗 (278) | 呼吸／感冒／咽喉痛／聲音沙啞 (239) | 眼耳鼻喉／耳鳴／耳聾 (195) | 泌尿／腎／遺精／滑精 (164) | 消化／消化不良／食慾不振 (103) | 泌尿／腎／小便不利／澀痛 (99) | 泌尿／腎／夜尿／頻尿 (95) | 婦科／白帶 (29) | 泌尿／腎／遺尿 (21) | 全身／虛損／疲勞／倦怠 (20) | 呼吸／感冒／咳嗽 (15) | 消化／噁心／嘔吐 (6) | 消化／腹脹／胃脹 (5) | 消化／腹瀉 (5) | 皮膚／外科／皮膚搔癢／疹 (4) | 睡眠／精神／健忘／精神恍惚 (4),inferred-parent formula composition; official indication phrase taxonomy
桂枝,1110,24,1590,2638,呼吸／感冒／痰多／祛痰 (197) | 疼痛／筋骨／外傷／頭痛 (155) | 疼痛／筋骨／外傷／關節／風濕疼痛 (151) | 消化／噁心／嘔吐 (119) | 呼吸／感冒／咳嗽 (98) | 呼吸／感冒／鼻塞／鼻炎 (83) | 泌尿／腎／小便不利／澀痛 (78) | 呼吸／感冒／氣喘／喘促 (62) | 婦科／閉經 (62) | 呼吸／感冒／感冒 (53) | 消化／腹痛 (50) | 疼痛／筋骨／外傷／跌打損傷／瘀傷 (48) | 婦科／經痛／經行腹痛 (47) | 其他明確症狀／頭暈／眩暈 (45) | 睡眠／精神／焦慮／心悸 (42) | 婦科／妊娠相關症狀 (42) | 全身／虛損／盜汗／自汗 (38) | 消化／腹瀉 (37) | 全身／虛損／氣血不足／貧血 (29) | 消化／消化不良／食慾不振 (24),inferred-parent formula composition; official indication phrase taxonomy
山茱萸,954,7,2871,1378,眼耳鼻喉／眼睛乾澀／視力不清 (645) | 其他明確症狀／消渴／口渴 (396) | 疼痛／筋骨／外傷／腰痛／腰膝痠痛 (368) | 其他明確症狀／頭暈／眩暈 (351) | 全身／虛損／盜汗／自汗 (263) | 呼吸／感冒／咽喉痛／聲音沙啞 (239) | 眼耳鼻喉／耳鳴／耳聾 (193) | 泌尿／腎／遺精／滑精 (163) | 泌尿／腎／小便不利／澀痛 (99) | 泌尿／腎／夜尿／頻尿 (95) | 泌尿／腎／遺尿 (21) | 全身／虛損／疲勞／倦怠 (14) | 消化／消化不良／食慾不振 (12) | 皮膚／外科／皮膚搔癢／疹 (4) | 消化／便秘 (2) | 婦科／白帶 (2) | 全身／虛損／氣血不足／貧血 (2) | 消化／噁心／嘔吐 (1) | 睡眠／精神／失眠 (1),inferred-parent formula composition; official indication phrase taxonomy
白芷,941,14,1405,1878,呼吸／感冒／鼻塞／鼻炎 (304) | 疼痛／筋骨／外傷／頭痛 (252) | 呼吸／感冒／感冒 (186) | 疼痛／筋骨／外傷／關節／風濕疼痛 (162) | 呼吸／感冒／痰多／祛痰 (117) | 消化／消化不良／食慾不振 (77) | 疼痛／筋骨／外傷／腰痛／腰膝痠痛 (69) | 呼吸／感冒／咳嗽 (64) | 眼耳鼻喉／耳鳴／耳聾 (55) | 皮膚／外科／瘡瘍／腫毒 (53) | 疼痛／筋骨／外傷／跌打損傷／瘀傷 (24) | 婦科／乳房／泌乳相關 (15) | 呼吸／感冒／咽喉痛／聲音沙啞 (8) | 消化／噁心／嘔吐 (5) | 疼痛／筋骨／外傷／肩背／肢體疼痛 (3) | 其他明確症狀／頭暈／眩暈 (2) | 消化／腹瀉 (2) | 呼吸／感冒／氣喘／喘促 (1) | 皮膚／外科／皮膚搔癢／疹 (1) | 消化／腹痛 (1),inferred-parent formula composition; official indication phrase taxonomy
黃連,932,20,1072,2417,消化／便秘 (257) | 睡眠／精神／焦慮／心悸 (219) | 消化／噁心／嘔吐 (74) | 睡眠／精神／健忘／精神恍惚 (72) | 睡眠／精神／失眠 (51) | 疼痛／筋骨／外傷／跌打損傷／瘀傷 (34) | 消化／腹瀉 (33) | 疼痛／筋骨／外傷／頭痛 (32) | 呼吸／感冒／咽喉痛／聲音沙啞 (31) | 呼吸／感冒／痰多／祛痰 (31) | 眼耳鼻喉／眼睛乾澀／視力不清 (25) | 皮膚／外科／瘡瘍／腫毒 (25) | 其他明確症狀／消渴／口渴 (22) | 其他明確症狀／頭暈／眩暈 (20) | 婦科／崩漏／月經過多 (19) | 消化／消化不良／食慾不振 (18) | 呼吸／感冒／咳嗽 (18) | 消化／腹痛 (17) | 全身／虛損／盜汗／自汗 (15) | 疼痛／筋骨／外傷／關節／風濕疼痛 (14),inferred-parent formula composition; official indication phrase taxonomy
麻黃,866,18,1262,1808,呼吸／感冒／咳嗽 (263) | 消化／便秘 (147) | 疼痛／筋骨／外傷／頭痛 (143) | 呼吸／感冒／鼻塞／鼻炎 (139) | 呼吸／感冒／氣喘／喘促 (125) | 呼吸／感冒／感冒 (118) | 皮膚／外科／瘡瘍／腫毒 (98) | 呼吸／感冒／痰多／祛痰 (83) | 疼痛／筋骨／外傷／關節／風濕疼痛 (77) | 其他明確症狀／頭暈／眩暈 (25) | 泌尿／腎／小便不利／澀痛 (19) | 眼耳鼻喉／眼睛乾澀／視力不清 (8) | 疼痛／筋骨／外傷／跌打損傷／瘀傷 (5) | 眼耳鼻喉／耳鳴／耳聾 (5) | 睡眠／精神／焦慮／心悸 (2) | 婦科／產後調理／廣泛產後症狀 (1) | 消化／噁心／嘔吐 (1) | 婦科／月經不調 (1) | 其他明確症狀／消渴／口渴 (1) | 婦科／更年期症狀 (1),inferred-parent formula composition; official indication phrase taxonomy
蒼朮,858,16,1433,1805,消化／噁心／嘔吐 (178) | 呼吸／感冒／痰多／祛痰 (159) | 疼痛／筋骨／外傷／關節／風濕疼痛 (157) | 消化／消化不良／食慾不振 (127) | 消化／便秘 (110) | 消化／胃酸逆流／泛酸 (95) | 消化／腹脹／胃脹 (91) | 疼痛／筋骨／外傷／頭痛 (72) | 疼痛／筋骨／外傷／腰痛／腰膝痠痛 (68) | 消化／腹痛 (42) | 皮膚／外科／皮膚搔癢／疹 (39) | 消化／腹瀉 (37) | 其他明確症狀／消渴／口渴 (31) | 皮膚／外科／瘡瘍／腫毒 (30) | 疼痛／筋骨／外傷／肩背／肢體疼痛 (29) | 全身／虛損／盜汗／自汗 (28) | 婦科／白帶 (26) | 消化／胃痛／胃脘痛 (20) | 呼吸／感冒／咳嗽 (20) | 呼吸／感冒／感冒 (18),inferred-parent formula composition; official indication phrase taxonomy
黃柏,817,16,1487,1758,消化／便秘 (174) | 呼吸／感冒／痰多／祛痰 (160) | 疼痛／筋骨／外傷／關節／風濕疼痛 (127) | 其他明確症狀／頭暈／眩暈 (121) | 其他明確症狀／消渴／口渴 (121) | 眼耳鼻喉／耳鳴／耳聾 (112) | 呼吸／感冒／咽喉痛／聲音沙啞 (110) | 疼痛／筋骨／外傷／腰痛／腰膝痠痛 (103) | 全身／虛損／盜汗／自汗 (71) | 睡眠／精神／焦慮／心悸 (56) | 皮膚／外科／瘡瘍／腫毒 (52) | 疼痛／筋骨／外傷／頭痛 (51) | 疼痛／筋骨／外傷／跌打損傷／瘀傷 (44) | 呼吸／感冒／咳嗽 (42) | 疼痛／筋骨／外傷／肩背／肢體疼痛 (35) | 呼吸／感冒／氣喘／喘促 (21) | 消化／噁心／嘔吐 (20) | 婦科／崩漏／月經過多 (18) | 婦科／乳房／泌乳相關 (15) | 泌尿／腎／遺精／滑精 (7),inferred-parent formula composition; official indication phrase taxonomy
荊芥,812,11,1205,1031,疼痛／筋骨／外傷／頭痛 (198) | 呼吸／感冒／咳嗽 (164) | 消化／便秘 (153) | 皮膚／外科／皮膚搔癢／疹 (120) | 皮膚／外科／瘡瘍／腫毒 (102) | 呼吸／感冒／痰多／祛痰 (100) | 呼吸／感冒／鼻塞／鼻炎 (70) | 呼吸／感冒／咽喉痛／聲音沙啞 (68) | 其他明確症狀／消渴／口渴 (40) | 呼吸／感冒／感冒 (39) | 疼痛／筋骨／外傷／肩背／肢體疼痛 (36) | 疼痛／筋骨／外傷／關節／風濕疼痛 (36) | 眼耳鼻喉／耳鳴／耳聾 (30) | 婦科／妊娠相關症狀 (17) | 疼痛／筋骨／外傷／跌打損傷／瘀傷 (11) | 眼耳鼻喉／眼睛乾澀／視力不清 (8) | 其他明確症狀／頭暈／眩暈 (3) | 睡眠／精神／焦慮／心悸 (2) | 消化／噁心／嘔吐 (1) | 消化／胃酸逆流／泛酸 (1),inferred-parent formula composition; official indication phrase taxonomy
連翹,773,15,1089,1377,呼吸／感冒／咽喉痛／聲音沙啞 (254) | 消化／便秘 (191) | 皮膚／外科／瘡瘍／腫毒 (130) | 其他明確症狀／消渴／口渴 (110) | 呼吸／感冒／咳嗽 (93) | 疼痛／筋骨／外傷／頭痛 (53) | 消化／腹脹／胃脹 (32) | 消化／腹瀉 (30) | 眼耳鼻喉／眼睛乾澀／視力不清 (29) | 眼耳鼻喉／耳鳴／耳聾 (29) | 消化／胃酸逆流／泛酸 (28) | 消化／腹痛 (27) | 全身／虛損／疲勞／倦怠 (21) | 呼吸／感冒／痰多／祛痰 (19) | 呼吸／感冒／感冒 (10) | 其他明確症狀／頭暈／眩暈 (9) | 呼吸／感冒／鼻塞／鼻炎 (7) | 疼痛／筋骨／外傷／關節／風濕疼痛 (5) | 消化／噁心／嘔吐 (3) | 疼痛／筋骨／外傷／跌打損傷／瘀傷 (3),inferred-parent formula composition; official indication phrase taxonomy
枳殼,736,15,1050,1512,呼吸／感冒／咳嗽 (157) | 呼吸／感冒／痰多／祛痰 (149) | 疼痛／筋骨／外傷／頭痛 (137) | 消化／便秘 (122) | 呼吸／感冒／感冒 (100) | 呼吸／感冒／鼻塞／鼻炎 (67) | 呼吸／感冒／咽喉痛／聲音沙啞 (54) | 皮膚／外科／皮膚搔癢／疹 (46) | 疼痛／筋骨／外傷／關節／風濕疼痛 (42) | 疼痛／筋骨／外傷／肩背／肢體疼痛 (33) | 睡眠／精神／失眠 (31) | 睡眠／精神／焦慮／心悸 (31) | 眼耳鼻喉／耳鳴／耳聾 (24) | 婦科／妊娠相關症狀 (17) | 眼耳鼻喉／眼睛乾澀／視力不清 (13) | 皮膚／外科／瘡瘍／腫毒 (8) | 其他明確症狀／頭暈／眩暈 (5) | 其他明確症狀／消渴／口渴 (3) | 消化／噁心／嘔吐 (2) | 消化／胃酸逆流／泛酸 (1),inferred-parent formula composition; official indication phrase taxonomy
羌活,718,13,1029,1541,疼痛／筋骨／外傷／頭痛 (273) | 疼痛／筋骨／外傷／關節／風濕疼痛 (145) | 呼吸／感冒／痰多／祛痰 (130) | 呼吸／感冒／鼻塞／鼻炎 (102) | 疼痛／筋骨／外傷／腰痛／腰膝痠痛 (69) | 呼吸／感冒／咳嗽 (67) | 疼痛／筋骨／外傷／肩背／肢體疼痛 (65) | 呼吸／感冒／感冒 (52) | 皮膚／外科／皮膚搔癢／疹 (45) | 眼耳鼻喉／耳鳴／耳聾 (30) | 婦科／妊娠相關症狀 (17) | 皮膚／外科／瘡瘍／腫毒 (9) | 呼吸／感冒／咽喉痛／聲音沙啞 (8) | 疼痛／筋骨／外傷／跌打損傷／瘀傷 (8) | 消化／噁心／嘔吐 (2) | 其他明確症狀／頭暈／眩暈 (2) | 消化／胃酸逆流／泛酸 (1) | 全身／虛損／氣血不足／貧血 (1) | 其他明確症狀／消渴／口渴 (1) | 婦科／乳房／泌乳相關 (1),inferred-parent formula composition; official indication phrase taxonomy
麥門冬,709,17,1101,1434,其他明確症狀／消渴／口渴 (229) | 呼吸／感冒／咳嗽 (203) | 呼吸／感冒／痰多／祛痰 (110) | 呼吸／感冒／氣喘／喘促 (70) | 消化／噁心／嘔吐 (65) | 全身／虛損／盜汗／自汗 (65) | 呼吸／感冒／咽喉痛／聲音沙啞 (59) | 疼痛／筋骨／外傷／頭痛 (53) | 其他明確症狀／頭暈／眩暈 (51) | 呼吸／感冒／鼻塞／鼻炎 (36) | 泌尿／腎／夜尿／頻尿 (36) | 泌尿／腎／遺精／滑精 (32) | 消化／便秘 (27) | 呼吸／感冒／感冒 (12) | 眼耳鼻喉／眼睛乾澀／視力不清 (11) | 全身／虛損／疲勞／倦怠 (6) | 疼痛／筋骨／外傷／腰痛／腰膝痠痛 (5) | 婦科／月經不調 (5) | 婦科／白帶 (5) | 消化／腹痛 (4),inferred-parent formula composition; official indication phrase taxonomy
升麻,685,12,1272,1382,呼吸／感冒／鼻塞／鼻炎 (205) | 睡眠／精神／焦慮／心悸 (163) | 呼吸／感冒／感冒 (156) | 全身／虛損／疲勞／倦怠 (144) | 消化／消化不良／食慾不振 (143) | 疼痛／筋骨／外傷／頭痛 (78) | 睡眠／精神／健忘／精神恍惚 (63) | 呼吸／感冒／咳嗽 (59) | 其他明確症狀／消渴／口渴 (57) | 睡眠／精神／失眠 (42) | 全身／虛損／盜汗／自汗 (32) | 眼耳鼻喉／耳鳴／耳聾 (31) | 其他明確症狀／頭暈／眩暈 (30) | 消化／便秘 (28) | 疼痛／筋骨／外傷／肩背／肢體疼痛 (28) | 全身／虛損／氣血不足／貧血 (5) | 呼吸／感冒／氣喘／喘促 (2) | 疼痛／筋骨／外傷／關節／風濕疼痛 (2) | 婦科／月經不調 (1) | 婦科／崩漏／月經過多 (1),inferred-parent formula composition; official indication phrase taxonomy
桃仁,682,13,1053,1429,疼痛／筋骨／外傷／跌打損傷／瘀傷 (126) | 疼痛／筋骨／外傷／關節／風濕疼痛 (120) | 呼吸／感冒／痰多／祛痰 (98) | 婦科／經痛／經行腹痛 (85) | 婦科／閉經 (80) | 疼痛／筋骨／外傷／腰痛／腰膝痠痛 (76) | 婦科／產後調理／廣泛產後症狀 (60) | 疼痛／筋骨／外傷／頭痛 (50) | 婦科／月經不調 (48) | 消化／便秘 (43) | 婦科／妊娠相關症狀 (42) | 睡眠／精神／失眠 (31) | 睡眠／精神／焦慮／心悸 (31) | 婦科／惡露異常 (30) | 消化／腹痛 (26) | 皮膚／外科／瘡瘍／腫毒 (19) | 其他明確症狀／頭暈／眩暈 (14) | 呼吸／感冒／感冒 (14) | 消化／胃痛／胃脘痛 (13) | 眼耳鼻喉／耳鳴／耳聾 (12),inferred-parent formula composition; official indication phrase taxonomy
杏仁,660,13,1128,715,呼吸／感冒／咳嗽 (429) | 呼吸／感冒／痰多／祛痰 (296) | 疼痛／筋骨／外傷／頭痛 (96) | 呼吸／感冒／感冒 (77) | 呼吸／感冒／氣喘／喘促 (76) | 其他明確症狀／消渴／口渴 (62) | 消化／便秘 (33) | 其他明確症狀／頭暈／眩暈 (32) | 疼痛／筋骨／外傷／關節／風濕疼痛 (16) | 呼吸／感冒／咽喉痛／聲音沙啞 (5) | 呼吸／感冒／鼻塞／鼻炎 (5) | 婦科／產後調理／廣泛產後症狀 (1),inferred-parent formula composition; official indication phrase taxonomy
厚朴,639,14,988,1477,消化／消化不良／食慾不振 (210) | 消化／噁心／嘔吐 (170) | 消化／便秘 (86) | 消化／胃酸逆流／泛酸 (76) | 消化／腹脹／胃脹 (71) | 消化／腹痛 (65) | 呼吸／感冒／咳嗽 (51) | 消化／腹瀉 (46) | 呼吸／感冒／痰多／祛痰 (37) | 皮膚／外科／瘡瘍／腫毒 (30) | 疼痛／筋骨／外傷／頭痛 (28) | 消化／胃痛／胃脘痛 (24) | 泌尿／腎／夜尿／頻尿 (21) | 疼痛／筋骨／外傷／跌打損傷／瘀傷 (20) | 婦科／妊娠相關症狀 (19) | 婦科／乳房／泌乳相關 (15) | 其他明確症狀／頭暈／眩暈 (4) | 其他明確症狀／消渴／口渴 (3) | 呼吸／感冒／感冒 (3) | 睡眠／精神／焦慮／心悸 (3),inferred-parent formula composition; official indication phrase taxonomy
細辛,632,9,839,1072,呼吸／感冒／鼻塞／鼻炎 (215) | 疼痛／筋骨／外傷／頭痛 (172) | 呼吸／感冒／感冒 (146) | 呼吸／感冒／咳嗽 (80) | 疼痛／筋骨／外傷／關節／風濕疼痛 (76) | 呼吸／感冒／痰多／祛痰 (53) | 呼吸／感冒／氣喘／喘促 (47) | 疼痛／筋骨／外傷／肩背／肢體疼痛 (14) | 疼痛／筋骨／外傷／腰痛／腰膝痠痛 (11) | 疼痛／筋骨／外傷／跌打損傷／瘀傷 (10) | 呼吸／感冒／咽喉痛／聲音沙啞 (8) | 其他明確症狀／頭暈／眩暈 (2) | 眼耳鼻喉／耳鳴／耳聾 (2) | 皮膚／外科／瘡瘍／腫毒 (1) | 消化／噁心／嘔吐 (1) | 其他明確症狀／消渴／口渴 (1),inferred-parent formula composition; official indication phrase taxonomy
葛根,608,12,999,1243,疼痛／筋骨／外傷／頭痛 (220) | 其他明確症狀／消渴／口渴 (145) | 呼吸／感冒／感冒 (135) | 呼吸／感冒／鼻塞／鼻炎 (131) | 呼吸／感冒／咳嗽 (104) | 眼耳鼻喉／耳鳴／耳聾 (59) | 泌尿／腎／夜尿／頻尿 (36) | 呼吸／感冒／咽喉痛／聲音沙啞 (32) | 其他明確症狀／頭暈／眩暈 (31) | 呼吸／感冒／痰多／祛痰 (28) | 全身／虛損／盜汗／自汗 (28) | 疼痛／筋骨／外傷／肩背／肢體疼痛 (28) | 消化／腹瀉 (6) | 疼痛／筋骨／外傷／關節／風濕疼痛 (5) | 全身／虛損／氣血不足／貧血 (4) | 呼吸／感冒／氣喘／喘促 (3) | 消化／噁心／嘔吐 (2) | 疼痛／筋骨／外傷／腰痛／腰膝痠痛 (1) | 消化／便秘 (1),inferred-parent formula composition; official indication phrase taxonomy
肉桂,607,10,1188,1102,疼痛／筋骨／外傷／腰痛／腰膝痠痛 (134) | 眼耳鼻喉／耳鳴／耳聾 (122) | 全身／虛損／疲勞／倦怠 (102) | 全身／虛損／氣血不足／貧血 (101) | 全身／虛損／盜汗／自汗 (100) | 泌尿／腎／小便不利／澀痛 (95) | 泌尿／腎／夜尿／頻尿 (94) | 消化／腹痛 (69) | 消化／消化不良／食慾不振 (42) | 消化／噁心／嘔吐 (36) | 消化／胃痛／胃脘痛 (34) | 消化／腹瀉 (32) | 婦科／產後調理／廣泛產後症狀 (31) | 消化／胃酸逆流／泛酸 (30) | 消化／腹脹／胃脹 (29) | 呼吸／感冒／痰多／祛痰 (26) | 睡眠／精神／失眠 (24) | 呼吸／感冒／咳嗽 (24) | 睡眠／精神／焦慮／心悸 (23) | 疼痛／筋骨／外傷／肩背／肢體疼痛 (6),inferred-parent formula composition; official indication phrase taxonomy
石膏,600,13,879,1148,消化／便秘 (147) | 呼吸／感冒／咳嗽 (111) | 皮膚／外科／瘡瘍／腫毒 (98) | 呼吸／感冒／鼻塞／鼻炎 (68) | 呼吸／感冒／氣喘／喘促 (62) | 疼痛／筋骨／外傷／頭痛 (61) | 其他明確症狀／消渴／口渴 (59) | 消化／噁心／嘔吐 (58) | 其他明確症狀／頭暈／眩暈 (41) | 皮膚／外科／皮膚搔癢／疹 (39) | 呼吸／感冒／痰多／祛痰 (35) | 眼耳鼻喉／耳鳴／耳聾 (34) | 疼痛／筋骨／外傷／關節／風濕疼痛 (27) | 泌尿／腎／小便不利／澀痛 (19) | 眼耳鼻喉／眼睛乾澀／視力不清 (8) | 呼吸／感冒／感冒 (7) | 疼痛／筋骨／外傷／跌打損傷／瘀傷 (3) | 睡眠／精神／焦慮／心悸 (2),inferred-parent formula composition; official indication phrase taxonomy
牛膝,564,7,787,1214,疼痛／筋骨／外傷／腰痛／腰膝痠痛 (160) | 泌尿／腎／遺精／滑精 (148) | 全身／虛損／盜汗／自汗 (148) | 泌尿／腎／小便不利／澀痛 (95) | 疼痛／筋骨／外傷／關節／風濕疼痛 (67) | 疼痛／筋骨／外傷／頭痛 (54) | 睡眠／精神／失眠 (31) | 睡眠／精神／焦慮／心悸 (31) | 其他明確症狀／消渴／口渴 (23) | 消化／消化不良／食慾不振 (12) | 疼痛／筋骨／外傷／肩背／肢體疼痛 (11) | 全身／虛損／疲勞／倦怠 (5) | 全身／虛損／氣血不足／貧血 (1) | 疼痛／筋骨／外傷／跌打損傷／瘀傷 (1),inferred-parent formula composition; official indication phrase taxonomy
車前子,562,6,692,1203,眼耳鼻喉／耳鳴／耳聾 (283) | 泌尿／腎／小便不利／澀痛 (245) | 疼痛／筋骨／外傷／腰痛／腰膝痠痛 (94) | 泌尿／腎／遺精／滑精 (31) | 婦科／白帶 (28) | 消化／便秘 (3) | 其他明確症狀／消渴／口渴 (2) | 全身／虛損／疲勞／倦怠 (2) | 全身／虛損／氣血不足／貧血 (1) | 全身／虛損／盜汗／自汗 (1) | 消化／消化不良／食慾不振 (1) | 泌尿／腎／遺尿 (1),inferred-parent formula composition; official indication phrase taxonomy
木通,557,9,852,894,眼耳鼻喉／耳鳴／耳聾 (283) | 泌尿／腎／小便不利／澀痛 (155) | 呼吸／感冒／鼻塞／鼻炎 (145) | 呼吸／感冒／感冒 (91) | 皮膚／外科／皮膚搔癢／疹 (39) | 婦科／白帶 (31) | 疼痛／筋骨／外傷／關節／風濕疼痛 (24) | 消化／腹脹／胃脹 (22) | 其他明確症狀／消渴／口渴 (22) | 全身／虛損／疲勞／倦怠 (21) | 呼吸／感冒／咽喉痛／聲音沙啞 (4) | 消化／便秘 (3) | 消化／噁心／嘔吐 (3) | 皮膚／外科／瘡瘍／腫毒 (2) | 疼痛／筋骨／外傷／跌打損傷／瘀傷 (2) | 疼痛／筋骨／外傷／肩背／肢體疼痛 (2) | 呼吸／感冒／痰多／祛痰 (1) | 疼痛／筋骨／外傷／腰痛／腰膝痠痛 (1) | 泌尿／腎／夜尿／頻尿 (1),inferred-parent formula composition; official indication phrase taxonomy
芒硝,545,7,828,1167,消化／便秘 (219) | 皮膚／外科／瘡瘍／腫毒 (125) | 疼痛／筋骨／外傷／肩背／肢體疼痛 (107) | 疼痛／筋骨／外傷／關節／風濕疼痛 (105) | 疼痛／筋骨／外傷／跌打損傷／瘀傷 (60) | 其他明確症狀／消渴／口渴 (31) | 眼耳鼻喉／眼睛乾澀／視力不清 (20) | 婦科／閉經 (20) | 皮膚／外科／皮膚搔癢／疹 (19) | 呼吸／感冒／痰多／祛痰 (18) | 消化／消化不良／食慾不振 (18) | 消化／腹脹／胃脹 (11) | 呼吸／感冒／咳嗽 (10) | 消化／胃痛／胃脘痛 (10) | 消化／胃酸逆流／泛酸 (10) | 消化／腹瀉 (9) | 消化／噁心／嘔吐 (6) | 呼吸／感冒／鼻塞／鼻炎 (5) | 眼耳鼻喉／耳鳴／耳聾 (5) | 消化／腹痛 (4),inferred-parent formula composition; official indication phrase taxonomy
乾薑,517,10,999,1178,消化／噁心／嘔吐 (135) | 呼吸／感冒／痰多／祛痰 (117) | 呼吸／感冒／咳嗽 (83) | 疼痛／筋骨／外傷／腰痛／腰膝痠痛 (75) | 全身／虛損／氣血不足／貧血 (74) | 全身／虛損／疲勞／倦怠 (74) | 消化／腹痛 (58) | 消化／消化不良／食慾不振 (56) | 呼吸／感冒／氣喘／喘促 (47) | 消化／胃痛／胃脘痛 (42) | 消化／胃酸逆流／泛酸 (35) | 疼痛／筋骨／外傷／關節／風濕疼痛 (34) | 消化／腹脹／胃脹 (29) | 呼吸／感冒／感冒 (23) | 疼痛／筋骨／外傷／頭痛 (22) | 消化／便秘 (22) | 消化／腹瀉 (20) | 其他明確症狀／頭暈／眩暈 (13) | 疼痛／筋骨／外傷／肩背／肢體疼痛 (8) | 婦科／產後調理／廣泛產後症狀 (7),inferred-parent formula composition; official indication phrase taxonomy
枸杞子,517,3,1212,682,眼耳鼻喉／眼睛乾澀／視力不清 (621) | 泌尿／腎／遺精／滑精 (148) | 全身／虛損／盜汗／自汗 (148) | 其他明確症狀／頭暈／眩暈 (110) | 全身／虛損／氣血不足／貧血 (59) | 疼痛／筋骨／外傷／肩背／肢體疼痛 (41) | 全身／虛損／疲勞／倦怠 (37) | 疼痛／筋骨／外傷／腰痛／腰膝痠痛 (35) | 消化／消化不良／食慾不振 (12) | 泌尿／腎／夜尿／頻尿 (1),inferred-parent formula composition; official indication phrase taxonomy
五味子,505,10,866,1119,全身／虛損／盜汗／自汗 (191) | 泌尿／腎／遺精／滑精 (149) | 呼吸／感冒／咳嗽 (142) | 呼吸／感冒／痰多／祛痰 (105) | 消化／消化不良／食慾不振 (60) | 呼吸／感冒／氣喘／喘促 (48) | 其他明確症狀／消渴／口渴 (35) | 呼吸／感冒／感冒 (23) | 睡眠／精神／焦慮／心悸 (23) | 睡眠／精神／失眠 (23) | 其他明確症狀／頭暈／眩暈 (13) | 皮膚／外科／瘡瘍／腫毒 (13) | 全身／虛損／疲勞／倦怠 (9) | 疼痛／筋骨／外傷／腰痛／腰膝痠痛 (8) | 呼吸／感冒／咽喉痛／聲音沙啞 (5) | 睡眠／精神／健忘／精神恍惚 (4) | 呼吸／感冒／鼻塞／鼻炎 (3) | 眼耳鼻喉／耳鳴／耳聾 (2) | 全身／虛損／氣血不足／貧血 (2) | 眼耳鼻喉／眼睛乾澀／視力不清 (2),inferred-parent formula composition; official indication phrase taxonomy
遠志,502,5,1237,849,泌尿／腎／遺精／滑精 (226) | 睡眠／精神／健忘／精神恍惚 (207) | 全身／虛損／盜汗／自汗 (150) | 睡眠／精神／焦慮／心悸 (124) | 消化／消化不良／食慾不振 (107) | 泌尿／腎／遺尿 (99) | 泌尿／腎／夜尿／頻尿 (83) | 睡眠／精神／失眠 (66) | 全身／虛損／氣血不足／貧血 (56) | 全身／虛損／疲勞／倦怠 (54) | 婦科／月經不調 (48) | 疼痛／筋骨／外傷／腰痛／腰膝痠痛 (8) | 其他明確症狀／頭暈／眩暈 (3) | 婦科／產後調理／廣泛產後症狀 (2) | 消化／腹痛 (1) | 呼吸／感冒／氣喘／喘促 (1) | 呼吸／感冒／感冒 (1) | 呼吸／感冒／咳嗽 (1),inferred-parent formula composition; official indication phrase taxonomy
龍膽,476,5,846,931,眼耳鼻喉／耳鳴／耳聾 (285) | 泌尿／腎／小便不利／澀痛 (150) | 疼痛／筋骨／外傷／關節／風濕疼痛 (119) | 呼吸／感冒／痰多／祛痰 (97) | 疼痛／筋骨／外傷／腰痛／腰膝痠痛 (68) | 消化／便秘 (61) | 睡眠／精神／焦慮／心悸 (56) | 其他明確症狀／頭暈／眩暈 (5) | 睡眠／精神／健忘／精神恍惚 (2) | 婦科／白帶 (2) | 疼痛／筋骨／外傷／頭痛 (1),inferred-parent formula composition; official indication phrase taxonomy
知母,472,14,885,688,其他明確症狀／消渴／口渴 (105) | 疼痛／筋骨／外傷／腰痛／腰膝痠痛 (88) | 眼耳鼻喉／耳鳴／耳聾 (79) | 其他明確症狀／頭暈／眩暈 (79) | 呼吸／感冒／咽喉痛／聲音沙啞 (79) | 疼痛／筋骨／外傷／肩背／肢體疼痛 (62) | 呼吸／感冒／咳嗽 (55) | 全身／虛損／盜汗／自汗 (47) | 疼痛／筋骨／外傷／關節／風濕疼痛 (40) | 皮膚／外科／皮膚搔癢／疹 (39) | 呼吸／感冒／痰多／祛痰 (36) | 呼吸／感冒／鼻塞／鼻炎 (36) | 疼痛／筋骨／外傷／頭痛 (23) | 呼吸／感冒／氣喘／喘促 (21) | 婦科／白帶 (19) | 全身／虛損／氣血不足／貧血 (18) | 婦科／月經不調 (18) | 婦科／崩漏／月經過多 (17) | 皮膚／外科／瘡瘍／腫毒 (13) | 泌尿／腎／遺精／滑精 (7),inferred-parent formula composition; official indication phrase taxonomy
木香,460,10,1176,556,疼痛／筋骨／外傷／跌打損傷／瘀傷 (145) | 睡眠／精神／焦慮／心悸 (144) | 呼吸／感冒／痰多／祛痰 (117) | 消化／消化不良／食慾不振 (93) | 消化／噁心／嘔吐 (74) | 消化／便秘 (74) | 呼吸／感冒／咳嗽 (61) | 全身／虛損／氣血不足／貧血 (57) | 全身／虛損／疲勞／倦怠 (56) | 消化／腹脹／胃脹 (52) | 婦科／月經不調 (49) | 呼吸／感冒／感冒 (45) | 疼痛／筋骨／外傷／頭痛 (40) | 睡眠／精神／健忘／精神恍惚 (31) | 呼吸／感冒／鼻塞／鼻炎 (27) | 睡眠／精神／失眠 (17) | 消化／胃痛／胃脘痛 (16) | 消化／腹瀉 (16) | 消化／腹痛 (15) | 其他明確症狀／頭暈／眩暈 (14),inferred-parent formula composition; official indication phrase taxonomy
赤芍,452,9,667,1158,消化／便秘 (110) | 疼痛／筋骨／外傷／頭痛 (77) | 呼吸／感冒／咳嗽 (69) | 呼吸／感冒／感冒 (61) | 婦科／經痛／經行腹痛 (47) | 疼痛／筋骨／外傷／跌打損傷／瘀傷 (47) | 婦科／妊娠相關症狀 (42) | 婦科／閉經 (42) | 睡眠／精神／失眠 (31) | 睡眠／精神／焦慮／心悸 (31) | 皮膚／外科／瘡瘍／腫毒 (28) | 呼吸／感冒／痰多／祛痰 (24) | 呼吸／感冒／鼻塞／鼻炎 (24) | 眼耳鼻喉／眼睛乾澀／視力不清 (9) | 其他明確症狀／頭暈／眩暈 (8) | 婦科／月經不調 (6) | 婦科／更年期症狀 (5) | 其他明確症狀／消渴／口渴 (4) | 呼吸／感冒／氣喘／喘促 (1) | 泌尿／腎／小便不利／澀痛 (1),inferred-parent formula composition; official indication phrase taxonomy
杜仲,445,5,762,879,泌尿／腎／遺精／滑精 (148) | 全身／虛損／盜汗／自汗 (148) | 疼痛／筋骨／外傷／關節／風濕疼痛 (67) | 消化／腹痛 (55) | 婦科／月經不調 (54) | 疼痛／筋骨／外傷／腰痛／腰膝痠痛 (40) | 婦科／產後調理／廣泛產後症狀 (39) | 婦科／經痛／經行腹痛 (37) | 婦科／產後腹痛 (34) | 疼痛／筋骨／外傷／跌打損傷／瘀傷 (34) | 婦科／白帶 (26) | 全身／虛損／氣血不足／貧血 (17) | 其他明確症狀／頭暈／眩暈 (16) | 消化／消化不良／食慾不振 (16) | 疼痛／筋骨／外傷／肩背／肢體疼痛 (12) | 全身／虛損／疲勞／倦怠 (6) | 眼耳鼻喉／耳鳴／耳聾 (3) | 睡眠／精神／焦慮／心悸 (3) | 睡眠／精神／健忘／精神恍惚 (3) | 消化／腹脹／胃脹 (1),inferred-parent formula composition; official indication phrase taxonomy
砂仁,397,7,609,467,呼吸／感冒／咽喉痛／聲音沙啞 (162) | 消化／消化不良／食慾不振 (131) | 呼吸／感冒／痰多／祛痰 (89) | 消化／噁心／嘔吐 (75) | 消化／腹脹／胃脹 (52) | 消化／胃痛／胃脘痛 (16) | 呼吸／感冒／咳嗽 (16) | 消化／便秘 (15) | 消化／胃酸逆流／泛酸 (12) | 消化／腹瀉 (12) | 全身／虛損／疲勞／倦怠 (9) | 泌尿／腎／小便不利／澀痛 (7) | 其他明確症狀／頭暈／眩暈 (6) | 消化／腹痛 (2) | 全身／虛損／氣血不足／貧血 (2) | 泌尿／腎／夜尿／頻尿 (1) | 其他明確症狀／消渴／口渴 (1) | 疼痛／筋骨／外傷／頭痛 (1),inferred-parent formula composition; official indication phrase taxonomy
枳實,386,9,530,582,消化／便秘 (185) | 呼吸／感冒／痰多／祛痰 (65) | 消化／噁心／嘔吐 (54) | 其他明確症狀／頭暈／眩暈 (51) | 消化／腹脹／胃脹 (51) | 泌尿／腎／小便不利／澀痛 (23) | 泌尿／腎／夜尿／頻尿 (21) | 呼吸／感冒／咳嗽 (21) | 皮膚／外科／瘡瘍／腫毒 (20) | 消化／消化不良／食慾不振 (14) | 消化／腹痛 (4) | 呼吸／感冒／感冒 (4) | 睡眠／精神／焦慮／心悸 (4) | 疼痛／筋骨／外傷／跌打損傷／瘀傷 (4) | 消化／胃酸逆流／泛酸 (2) | 消化／胃痛／胃脘痛 (2) | 疼痛／筋骨／外傷／頭痛 (2) | 疼痛／筋骨／外傷／腰痛／腰膝痠痛 (1) | 消化／腹瀉 (1) | 睡眠／精神／失眠 (1),inferred-parent formula composition; official indication phrase taxonomy
紫蘇葉,381,8,791,891,呼吸／感冒／咳嗽 (180) | 呼吸／感冒／感冒 (145) | 疼痛／筋骨／外傷／頭痛 (140) | 呼吸／感冒／痰多／祛痰 (125) | 消化／消化不良／食慾不振 (77) | 呼吸／感冒／鼻塞／鼻炎 (56) | 消化／噁心／嘔吐 (31) | 消化／便秘 (15) | 其他明確症狀／頭暈／眩暈 (5) | 消化／腹瀉 (3) | 睡眠／精神／焦慮／心悸 (3) | 呼吸／感冒／氣喘／喘促 (2) | 消化／腹痛 (2) | 疼痛／筋骨／外傷／關節／風濕疼痛 (2) | 婦科／妊娠相關症狀 (1) | 疼痛／筋骨／外傷／腰痛／腰膝痠痛 (1) | 呼吸／感冒／咽喉痛／聲音沙啞 (1) | 消化／胃痛／胃脘痛 (1) | 婦科／月經不調 (1),inferred-parent formula composition; official indication phrase taxonomy
紅花,373,6,617,671,疼痛／筋骨／外傷／跌打損傷／瘀傷 (185) | 疼痛／筋骨／外傷／關節／風濕疼痛 (119) | 呼吸／感冒／痰多／祛痰 (97) | 婦科／月經不調 (35) | 婦科／經痛／經行腹痛 (35) | 疼痛／筋骨／外傷／頭痛 (32) | 睡眠／精神／失眠 (31) | 睡眠／精神／焦慮／心悸 (31) | 消化／腹痛 (20) | 疼痛／筋骨／外傷／腰痛／腰膝痠痛 (15) | 婦科／閉經 (14) | 婦科／產後調理／廣泛產後症狀 (2) | 皮膚／外科／瘡瘍／腫毒 (1),inferred-parent formula composition; official indication phrase taxonomy
前胡,357,7,769,551,呼吸／感冒／咳嗽 (204) | 呼吸／感冒／痰多／祛痰 (188) | 疼痛／筋骨／外傷／頭痛 (105) | 呼吸／感冒／感冒 (104) | 呼吸／感冒／鼻塞／鼻炎 (67) | 皮膚／外科／皮膚搔癢／疹 (45) | 疼痛／筋骨／外傷／肩背／肢體疼痛 (33) | 疼痛／筋骨／外傷／關節／風濕疼痛 (8) | 皮膚／外科／瘡瘍／腫毒 (8) | 消化／噁心／嘔吐 (2) | 消化／胃酸逆流／泛酸 (1) | 其他明確症狀／頭暈／眩暈 (1) | 疼痛／筋骨／外傷／腰痛／腰膝痠痛 (1) | 呼吸／感冒／咽喉痛／聲音沙啞 (1) | 婦科／乳房／泌乳相關 (1),inferred-parent formula composition; official indication phrase taxonomy
炮附子,355,8,618,768,疼痛／筋骨／外傷／腰痛／腰膝痠痛 (100) | 泌尿／腎／小便不利／澀痛 (96) | 全身／虛損／盜汗／自汗 (95) | 泌尿／腎／夜尿／頻尿 (94) | 眼耳鼻喉／耳鳴／耳聾 (92) | 消化／噁心／嘔吐 (35) | 消化／腹痛 (34) | 消化／腹瀉 (20) | 全身／虛損／氣血不足／貧血 (16) | 疼痛／筋骨／外傷／關節／風濕疼痛 (14) | 其他明確症狀／消渴／口渴 (5) | 全身／虛損／疲勞／倦怠 (3) | 皮膚／外科／皮膚搔癢／疹 (3) | 消化／消化不良／食慾不振 (3) | 消化／便秘 (2) | 疼痛／筋骨／外傷／跌打損傷／瘀傷 (2) | 婦科／不孕 (1) | 婦科／白帶 (1) | 消化／胃酸逆流／泛酸 (1) | 消化／胃痛／胃脘痛 (1),inferred-parent formula composition; official indication phrase taxonomy
獨活,349,6,387,875,疼痛／筋骨／外傷／關節／風濕疼痛 (82) | 疼痛／筋骨／外傷／頭痛 (71) | 呼吸／感冒／咳嗽 (50) | 疼痛／筋骨／外傷／肩背／肢體疼痛 (45) | 皮膚／外科／皮膚搔癢／疹 (45) | 呼吸／感冒／鼻塞／鼻炎 (35) | 呼吸／感冒／痰多／祛痰 (24) | 呼吸／感冒／感冒 (15) | 疼痛／筋骨／外傷／腰痛／腰膝痠痛 (9) | 皮膚／外科／瘡瘍／腫毒 (8) | 消化／噁心／嘔吐 (1) | 消化／胃酸逆流／泛酸 (1) | 婦科／乳房／泌乳相關 (1),inferred-parent formula composition; official indication phrase taxonomy
秦艽,321,4,307,688,消化／便秘 (110) | 疼痛／筋骨／外傷／關節／風濕疼痛 (67) | 呼吸／感冒／咳嗽 (19) | 全身／虛損／盜汗／自汗 (19) | 全身／虛損／氣血不足／貧血 (18) | 婦科／月經不調 (18) | 婦科／白帶 (18) | 婦科／崩漏／月經過多 (17) | 疼痛／筋骨／外傷／肩背／肢體疼痛 (11) | 疼痛／筋骨／外傷／腰痛／腰膝痠痛 (9) | 泌尿／腎／小便不利／澀痛 (1),inferred-parent formula composition; official indication phrase taxonomy
蔥白,318,4,444,564,消化／便秘 (147) | 皮膚／外科／瘡瘍／腫毒 (98) | 呼吸／感冒／鼻塞／鼻炎 (77) | 疼痛／筋骨／外傷／頭痛 (71) | 呼吸／感冒／感冒 (16) | 眼耳鼻喉／眼睛乾澀／視力不清 (8) | 呼吸／感冒／咳嗽 (8) | 眼耳鼻喉／耳鳴／耳聾 (5) | 疼痛／筋骨／外傷／關節／風濕疼痛 (3) | 疼痛／筋骨／外傷／跌打損傷／瘀傷 (3) | 睡眠／精神／焦慮／心悸 (2) | 呼吸／感冒／氣喘／喘促 (1) | 其他明確症狀／頭暈／眩暈 (1) | 呼吸／感冒／痰多／祛痰 (1) | 婦科／月經不調 (1) | 消化／噁心／嘔吐 (1) | 其他明確症狀／消渴／口渴 (1),inferred-parent formula composition; official indication phrase taxonomy
桑白皮,314,6,535,248,呼吸／感冒／咳嗽 (267) | 呼吸／感冒／痰多／祛痰 (173) | 其他明確症狀／頭暈／眩暈 (24) | 呼吸／感冒／氣喘／喘促 (23) | 呼吸／感冒／感冒 (23) | 消化／便秘 (15) | 其他明確症狀／消渴／口渴 (5) | 呼吸／感冒／咽喉痛／聲音沙啞 (5),inferred-parent formula composition; official indication phrase taxonomy
滑石,295,5,377,630,消化／便秘 (147) | 皮膚／外科／瘡瘍／腫毒 (98) | 其他明確症狀／消渴／口渴 (26) | 泌尿／腎／小便不利／澀痛 (25) | 消化／腹脹／胃脹 (22) | 全身／虛損／疲勞／倦怠 (21) | 眼耳鼻喉／眼睛乾澀／視力不清 (8) | 呼吸／感冒／咳嗽 (6) | 呼吸／感冒／鼻塞／鼻炎 (5) | 眼耳鼻喉／耳鳴／耳聾 (5) | 疼痛／筋骨／外傷／關節／風濕疼痛 (3) | 疼痛／筋骨／外傷／跌打損傷／瘀傷 (3) | 睡眠／精神／焦慮／心悸 (2) | 消化／胃酸逆流／泛酸 (1) | 消化／消化不良／食慾不振 (1) | 呼吸／感冒／氣喘／喘促 (1) | 其他明確症狀／頭暈／眩暈 (1) | 呼吸／感冒／咽喉痛／聲音沙啞 (1) | 泌尿／腎／夜尿／頻尿 (1),inferred-parent formula composition; official indication phrase taxonomy
栝樓根,283,6,324,508,其他明確症狀／消渴／口渴 (117) | 皮膚／外科／瘡瘍／腫毒 (59) | 疼痛／筋骨／外傷／跌打損傷／瘀傷 (55) | 泌尿／腎／夜尿／頻尿 (36) | 呼吸／感冒／咽喉痛／聲音沙啞 (31) | 婦科／乳房／泌乳相關 (15) | 眼耳鼻喉／眼睛乾澀／視力不清 (9) | 疼痛／筋骨／外傷／關節／風濕疼痛 (1) | 消化／便秘 (1),inferred-parent formula composition; official indication phrase taxonomy
金銀花,273,6,374,451,消化／便秘 (116) | 呼吸／感冒／咽喉痛／聲音沙啞 (60) | 疼痛／筋骨／外傷／頭痛 (45) | 呼吸／感冒／咳嗽 (41) | 其他明確症狀／消渴／口渴 (40) | 婦科／白帶 (29) | 皮膚／外科／瘡瘍／腫毒 (29) | 呼吸／感冒／痰多／祛痰 (6) | 呼吸／感冒／鼻塞／鼻炎 (2) | 疼痛／筋骨／外傷／跌打損傷／瘀傷 (2) | 疼痛／筋骨／外傷／肩背／肢體疼痛 (2) | 泌尿／腎／小便不利／澀痛 (1) | 呼吸／感冒／感冒 (1),inferred-parent formula composition; official indication phrase taxonomy
龍骨,273,3,762,290,睡眠／精神／健忘／精神恍惚 (179) | 泌尿／腎／遺精／滑精 (161) | 泌尿／腎／遺尿 (99) | 泌尿／腎／夜尿／頻尿 (84) | 全身／虛損／盜汗／自汗 (71) | 疼痛／筋骨／外傷／腰痛／腰膝痠痛 (38) | 全身／虛損／疲勞／倦怠 (38) | 眼耳鼻喉／耳鳴／耳聾 (36) | 睡眠／精神／失眠 (27) | 睡眠／精神／焦慮／心悸 (14) | 呼吸／感冒／痰多／祛痰 (9) | 其他明確症狀／頭暈／眩暈 (3) | 婦科／白帶 (2) | 婦科／更年期症狀 (1),inferred-parent formula composition; official indication phrase taxonomy
甘菊花,270,2,804,179,眼耳鼻喉／眼睛乾澀／視力不清 (621) | 其他明確症狀／頭暈／眩暈 (149) | 消化／噁心／嘔吐 (33) | 疼痛／筋骨／外傷／頭痛 (1),inferred-parent formula composition; official indication phrase taxonomy
豬苓,265,6,316,614,泌尿／腎／小便不利／澀痛 (91) | 消化／腹瀉 (58) | 消化／噁心／嘔吐 (49) | 消化／腹痛 (33) | 疼痛／筋骨／外傷／肩背／肢體疼痛 (28) | 疼痛／筋骨／外傷／頭痛 (16) | 呼吸／感冒／痰多／祛痰 (14) | 其他明確症狀／消渴／口渴 (6) | 其他明確症狀／頭暈／眩暈 (5) | 消化／消化不良／食慾不振 (4) | 全身／虛損／疲勞／倦怠 (3) | 疼痛／筋骨／外傷／關節／風濕疼痛 (2) | 消化／腹脹／胃脹 (2) | 消化／胃痛／胃脘痛 (1) | 泌尿／腎／夜尿／頻尿 (1) | 婦科／產後調理／廣泛產後症狀 (1) | 婦科／妊娠相關症狀 (1) | 呼吸／感冒／感冒 (1),inferred-parent formula composition; official indication phrase taxonomy
小茴香,262,2,663,476,泌尿／腎／遺精／滑精 (148) | 全身／虛損／盜汗／自汗 (148) | 消化／腹痛 (55) | 婦科／月經不調 (54) | 婦科／產後調理／廣泛產後症狀 (39) | 婦科／經痛／經行腹痛 (37) | 婦科／產後腹痛 (34) | 疼痛／筋骨／外傷／跌打損傷／瘀傷 (34) | 婦科／白帶 (26) | 疼痛／筋骨／外傷／腰痛／腰膝痠痛 (20) | 全身／虛損／氣血不足／貧血 (17) | 其他明確症狀／頭暈／眩暈 (16) | 消化／消化不良／食慾不振 (16) | 全身／虛損／疲勞／倦怠 (6) | 眼耳鼻喉／耳鳴／耳聾 (3) | 睡眠／精神／焦慮／心悸 (3) | 睡眠／精神／健忘／精神恍惚 (3) | 消化／腹脹／胃脹 (1) | 睡眠／精神／失眠 (1) | 婦科／不孕 (1),inferred-parent formula composition; official indication phrase taxonomy
肉蓯蓉,262,2,663,476,泌尿／腎／遺精／滑精 (148) | 全身／虛損／盜汗／自汗 (148) | 消化／腹痛 (55) | 婦科／月經不調 (54) | 婦科／產後調理／廣泛產後症狀 (39) | 婦科／經痛／經行腹痛 (37) | 婦科／產後腹痛 (34) | 疼痛／筋骨／外傷／跌打損傷／瘀傷 (34) | 婦科／白帶 (26) | 疼痛／筋骨／外傷／腰痛／腰膝痠痛 (20) | 全身／虛損／氣血不足／貧血 (17) | 其他明確症狀／頭暈／眩暈 (16) | 消化／消化不良／食慾不振 (16) | 全身／虛損／疲勞／倦怠 (6) | 眼耳鼻喉／耳鳴／耳聾 (3) | 睡眠／精神／焦慮／心悸 (3) | 睡眠／精神／健忘／精神恍惚 (3) | 消化／腹脹／胃脹 (1) | 睡眠／精神／失眠 (1) | 婦科／不孕 (1),inferred-parent formula composition; official indication phrase taxonomy
神麴,259,6,603,674,呼吸／感冒／痰多／祛痰 (158) | 疼痛／筋骨／外傷／關節／風濕疼痛 (120) | 消化／胃酸逆流／泛酸 (51) | 消化／噁心／嘔吐 (47) | 消化／腹瀉 (32) | 消化／腹痛 (29) | 全身／虛損／盜汗／自汗 (28) | 其他明確症狀／消渴／口渴 (28) | 消化／腹脹／胃脹 (26) | 疼痛／筋骨／外傷／頭痛 (21) | 呼吸／感冒／咳嗽 (18) | 疼痛／筋骨／外傷／腰痛／腰膝痠痛 (15) | 呼吸／感冒／鼻塞／鼻炎 (11) | 消化／消化不良／食慾不振 (9) | 呼吸／感冒／感冒 (4) | 其他明確症狀／頭暈／眩暈 (4) | 消化／胃痛／胃脘痛 (1) | 疼痛／筋骨／外傷／肩背／肢體疼痛 (1),inferred-parent formula composition; official indication phrase taxonomy
石菖蒲,246,3,413,498,泌尿／腎／遺精／滑精 (148) | 全身／虛損／盜汗／自汗 (148) | 泌尿／腎／夜尿／頻尿 (29) | 全身／虛損／疲勞／倦怠 (26) | 消化／腹脹／胃脹 (22) | 其他明確症狀／消渴／口渴 (22) | 消化／消化不良／食慾不振 (12) | 疼痛／筋骨／外傷／腰痛／腰膝痠痛 (4) | 全身／虛損／氣血不足／貧血 (1) | 呼吸／感冒／咽喉痛／聲音沙啞 (1),inferred-parent formula composition; official indication phrase taxonomy
牛蒡子,243,5,301,371,呼吸／感冒／咽喉痛／聲音沙啞 (60) | 其他明確症狀／消渴／口渴 (44) | 疼痛／筋骨／外傷／頭痛 (42) | 呼吸／感冒／咳嗽 (41) | 皮膚／外科／皮膚搔癢／疹 (39) | 皮膚／外科／瘡瘍／腫毒 (28) | 疼痛／筋骨／外傷／關節／風濕疼痛 (24) | 眼耳鼻喉／眼睛乾澀／視力不清 (9) | 消化／便秘 (6) | 呼吸／感冒／痰多／祛痰 (5) | 呼吸／感冒／鼻塞／鼻炎 (2) | 呼吸／感冒／感冒 (1),inferred-parent formula composition; official indication phrase taxonomy
蘇子,236,4,423,154,呼吸／感冒／咳嗽 (217) | 呼吸／感冒／痰多／祛痰 (155) | 其他明確症狀／頭暈／眩暈 (24) | 呼吸／感冒／感冒 (20) | 呼吸／感冒／氣喘／喘促 (7),inferred-parent formula composition; official indication phrase taxonomy
桂心,232,4,158,538,疼痛／筋骨／外傷／關節／風濕疼痛 (66) | 消化／消化不良／食慾不振 (48) | 疼痛／筋骨／外傷／腰痛／腰膝痠痛 (16) | 疼痛／筋骨／外傷／肩背／肢體疼痛 (5) | 泌尿／腎／小便不利／澀痛 (4) | 眼耳鼻喉／耳鳴／耳聾 (3) | 泌尿／腎／遺精／滑精 (3) | 泌尿／腎／遺尿 (3) | 婦科／產後調理／廣泛產後症狀 (1) | 其他明確症狀／頭暈／眩暈 (1) | 其他明確症狀／消渴／口渴 (1) | 皮膚／外科／皮膚搔癢／疹 (1) | 呼吸／感冒／咽喉痛／聲音沙啞 (1) | 全身／虛損／盜汗／自汗 (1) | 婦科／白帶 (1) | 呼吸／感冒／氣喘／喘促 (1) | 呼吸／感冒／感冒 (1) | 呼吸／感冒／咳嗽 (1),inferred-parent formula composition; official indication phrase taxonomy
辛夷,211,3,341,142,呼吸／感冒／鼻塞／鼻炎 (249) | 呼吸／感冒／感冒 (91) | 眼耳鼻喉／耳鳴／耳聾 (1),inferred-parent formula composition; official indication phrase taxonomy
牡蠣,200,3,443,366,泌尿／腎／遺精／滑精 (83) | 全身／虛損／盜汗／自汗 (71) | 疼痛／筋骨／外傷／腰痛／腰膝痠痛 (38) | 全身／虛損／疲勞／倦怠 (38) | 眼耳鼻喉／耳鳴／耳聾 (36) | 消化／腹痛 (35) | 消化／胃痛／胃脘痛 (34) | 消化／胃酸逆流／泛酸 (30) | 消化／腹脹／胃脹 (27) | 消化／噁心／嘔吐 (19) | 消化／消化不良／食慾不振 (15) | 呼吸／感冒／痰多／祛痰 (9) | 婦科／白帶 (2) | 其他明確症狀／頭暈／眩暈 (2) | 睡眠／精神／健忘／精神恍惚 (1) | 睡眠／精神／焦慮／心悸 (1) | 婦科／更年期症狀 (1) | 泌尿／腎／夜尿／頻尿 (1),inferred-parent formula composition; official indication phrase taxonomy
防己,200,3,284,508,疼痛／筋骨／外傷／關節／風濕疼痛 (119) | 呼吸／感冒／痰多／祛痰 (97) | 疼痛／筋骨／外傷／腰痛／腰膝痠痛 (68),inferred-parent formula composition; official indication phrase taxonomy
龜板,199,2,530,179,睡眠／精神／健忘／精神恍惚 (178) | 泌尿／腎／遺尿 (99) | 泌尿／腎／遺精／滑精 (84) | 泌尿／腎／夜尿／頻尿 (83) | 疼痛／筋骨／外傷／肩背／肢體疼痛 (33) | 睡眠／精神／失眠 (27) | 睡眠／精神／焦慮／心悸 (13) | 全身／虛損／盜汗／自汗 (7) | 呼吸／感冒／痰多／祛痰 (2) | 其他明確症狀／頭暈／眩暈 (1) | 疼痛／筋骨／外傷／腰痛／腰膝痠痛 (1) | 眼耳鼻喉／耳鳴／耳聾 (1) | 呼吸／感冒／咳嗽 (1),inferred-parent formula composition; official indication phrase taxonomy
川貝母,196,3,341,100,呼吸／感冒／痰多／祛痰 (124) | 呼吸／感冒／咳嗽 (120) | 消化／腹脹／胃脹 (22) | 其他明確症狀／消渴／口渴 (22) | 全身／虛損／疲勞／倦怠 (21) | 婦科／妊娠相關症狀 (17) | 呼吸／感冒／感冒 (12) | 全身／虛損／氣血不足／貧血 (1) | 消化／腹痛 (1) | 呼吸／感冒／咽喉痛／聲音沙啞 (1),inferred-parent formula composition; official indication phrase taxonomy
巴戟天,194,1,318,418,泌尿／腎／遺精／滑精 (148) | 全身／虛損／盜汗／自汗 (148) | 消化／消化不良／食慾不振 (12) | 全身／虛損／疲勞／倦怠 (5) | 疼痛／筋骨／外傷／腰痛／腰膝痠痛 (4) | 全身／虛損／氣血不足／貧血 (1),inferred-parent formula composition; official indication phrase taxonomy
楮實,194,1,318,418,泌尿／腎／遺精／滑精 (148) | 全身／虛損／盜汗／自汗 (148) | 消化／消化不良／食慾不振 (12) | 全身／虛損／疲勞／倦怠 (5) | 疼痛／筋骨／外傷／腰痛／腰膝痠痛 (4) | 全身／虛損／氣血不足／貧血 (1),inferred-parent formula composition; official indication phrase taxonomy
阿膠,190,6,292,481,呼吸／感冒／咳嗽 (44) | 呼吸／感冒／痰多／祛痰 (44) | 疼痛／筋骨／外傷／頭痛 (29) | 其他明確症狀／消渴／口渴 (29) | 婦科／產後調理／廣泛產後症狀 (26) | 婦科／崩漏／月經過多 (21) | 泌尿／腎／小便不利／澀痛 (20) | 皮膚／外科／瘡瘍／腫毒 (13) | 消化／腹痛 (11) | 婦科／白帶 (9) | 婦科／妊娠相關症狀 (8) | 其他明確症狀／頭暈／眩暈 (8) | 疼痛／筋骨／外傷／腰痛／腰膝痠痛 (8) | 婦科／月經不調 (6) | 眼耳鼻喉／耳鳴／耳聾 (4) | 睡眠／精神／焦慮／心悸 (4) | 呼吸／感冒／氣喘／喘促 (3) | 全身／虛損／氣血不足／貧血 (3) | 消化／腹脹／胃脹 (1) | 消化／便秘 (1),inferred-parent formula composition; official indication phrase taxonomy
菟絲子,189,3,206,281,全身／虛損／氣血不足／貧血 (59) | 疼痛／筋骨／外傷／肩背／肢體疼痛 (50) | 疼痛／筋骨／外傷／腰痛／腰膝痠痛 (45) | 全身／虛損／疲勞／倦怠 (32) | 婦科／妊娠相關症狀 (17) | 泌尿／腎／夜尿／頻尿 (1) | 其他明確症狀／頭暈／眩暈 (1) | 消化／腹痛 (1),inferred-parent formula composition; official indication phrase taxonomy
威靈仙,179,2,284,405,疼痛／筋骨／外傷／關節／風濕疼痛 (119) | 呼吸／感冒／痰多／祛痰 (97) | 疼痛／筋骨／外傷／腰痛／腰膝痠痛 (68),inferred-parent formula composition; official indication phrase taxonomy
橘紅,179,2,296,74,呼吸／感冒／痰多／祛痰 (142) | 呼吸／感冒／咳嗽 (138) | 呼吸／感冒／感冒 (16),inferred-parent formula composition; official indication phrase taxonomy
茵陳蒿,179,5,229,439,呼吸／感冒／咽喉痛／聲音沙啞 (54) | 其他明確症狀／消渴／口渴 (39) | 泌尿／腎／小便不利／澀痛 (34) | 疼痛／筋骨／外傷／肩背／肢體疼痛 (28) | 消化／腹脹／胃脹 (22) | 全身／虛損／疲勞／倦怠 (21) | 消化／便秘 (18) | 眼耳鼻喉／眼睛乾澀／視力不清 (11) | 疼痛／筋骨／外傷／關節／風濕疼痛 (2),inferred-parent formula composition; official indication phrase taxonomy
補骨脂,177,3,199,288,全身／虛損／氣血不足／貧血 (58) | 疼痛／筋骨／外傷／腰痛／腰膝痠痛 (56) | 疼痛／筋骨／外傷／肩背／肢體疼痛 (51) | 全身／虛損／疲勞／倦怠 (32) | 泌尿／腎／夜尿／頻尿 (1) | 其他明確症狀／頭暈／眩暈 (1),inferred-parent formula composition; official indication phrase taxonomy
香附,177,4,647,333,疼痛／筋骨／外傷／頭痛 (67) | 呼吸／感冒／感冒 (64) | 消化／腹痛 (56) | 婦科／月經不調 (55) | 呼吸／感冒／咳嗽 (46) | 婦科／產後調理／廣泛產後症狀 (39) | 婦科／經痛／經行腹痛 (37) | 呼吸／感冒／鼻塞／鼻炎 (35) | 婦科／產後腹痛 (34) | 疼痛／筋骨／外傷／跌打損傷／瘀傷 (34) | 婦科／白帶 (26) | 消化／腹脹／胃脹 (22) | 呼吸／感冒／痰多／祛痰 (21) | 消化／胃酸逆流／泛酸 (21) | 消化／噁心／嘔吐 (21) | 其他明確症狀／頭暈／眩暈 (16) | 全身／虛損／氣血不足／貧血 (16) | 疼痛／筋骨／外傷／腰痛／腰膝痠痛 (16) | 消化／消化不良／食慾不振 (5) | 眼耳鼻喉／耳鳴／耳聾 (3),inferred-parent formula composition; official indication phrase taxonomy
兒茶,172,2,307,42,呼吸／感冒／咽喉痛／聲音沙啞 (162) | 疼痛／筋骨／外傷／跌打損傷／瘀傷 (145),inferred-parent formula composition; official indication phrase taxonomy
貝母,169,5,327,221,呼吸／感冒／咳嗽 (132) | 呼吸／感冒／痰多／祛痰 (114) | 呼吸／感冒／氣喘／喘促 (39) | 呼吸／感冒／感冒 (15) | 皮膚／外科／瘡瘍／腫毒 (13) | 其他明確症狀／消渴／口渴 (6) | 呼吸／感冒／咽喉痛／聲音沙啞 (6) | 疼痛／筋骨／外傷／跌打損傷／瘀傷 (2),inferred-parent formula composition; official indication phrase taxonomy
黑薑,167,1,232,269,婦科／產後調理／廣泛產後症狀 (56) | 疼痛／筋骨／外傷／跌打損傷／瘀傷 (35) | 婦科／惡露異常 (30) | 疼痛／筋骨／外傷／頭痛 (15) | 呼吸／感冒／感冒 (14) | 消化／胃痛／胃脘痛 (13) | 眼耳鼻喉／耳鳴／耳聾 (12) | 婦科／產後腹痛 (8) | 疼痛／筋骨／外傷／腰痛／腰膝痠痛 (6) | 消化／腹痛 (6) | 婦科／月經不調 (5) | 婦科／廣泛婦科描述 (4) | 全身／虛損／氣血不足／貧血 (4) | 其他明確症狀／頭暈／眩暈 (4) | 婦科／更年期症狀 (3) | 婦科／經期頭痛 (3) | 婦科／經痛／經行腹痛 (3) | 全身／虛損／疲勞／倦怠 (2) | 婦科／白帶 (2) | 睡眠／精神／健忘／精神恍惚 (1),inferred-parent formula composition; official indication phrase taxonomy
地骨皮,160,5,270,334,呼吸／感冒／咳嗽 (61) | 呼吸／感冒／氣喘／喘促 (34) | 泌尿／腎／遺精／滑精 (31) | 泌尿／腎／小便不利／澀痛 (20) | 全身／虛損／盜汗／自汗 (20) | 全身／虛損／氣血不足／貧血 (18) | 婦科／月經不調 (18) | 婦科／白帶 (18) | 婦科／崩漏／月經過多 (17) | 呼吸／感冒／痰多／祛痰 (14) | 其他明確症狀／頭暈／眩暈 (4) | 呼吸／感冒／感冒 (3) | 消化／腹脹／胃脹 (2) | 其他明確症狀／消渴／口渴 (2) | 全身／虛損／疲勞／倦怠 (2) | 眼耳鼻喉／眼睛乾澀／視力不清 (2) | 消化／便秘 (1) | 消化／消化不良／食慾不振 (1) | 眼耳鼻喉／耳鳴／耳聾 (1) | 泌尿／腎／遺尿 (1),inferred-parent formula composition; official indication phrase taxonomy
地龍,159,2,111,416,消化／便秘 (110) | 泌尿／腎／小便不利／澀痛 (1),inferred-parent formula composition; official indication phrase taxonomy
玄參,158,4,171,453,呼吸／感冒／咳嗽 (53) | 呼吸／感冒／氣喘／喘促 (39) | 呼吸／感冒／咽喉痛／聲音沙啞 (32) | 呼吸／感冒／痰多／祛痰 (25) | 呼吸／感冒／感冒 (11) | 消化／便秘 (7) | 疼痛／筋骨／外傷／跌打損傷／瘀傷 (2) | 其他明確症狀／消渴／口渴 (1) | 疼痛／筋骨／外傷／關節／風濕疼痛 (1),inferred-parent formula composition; official indication phrase taxonomy
烏梅,154,2,258,148,其他明確症狀／消渴／口渴 (113) | 泌尿／腎／夜尿／頻尿 (36) | 呼吸／感冒／咳嗽 (19) | 全身／虛損／盜汗／自汗 (19) | 全身／虛損／氣血不足／貧血 (18) | 婦科／月經不調 (18) | 婦科／白帶 (18) | 婦科／崩漏／月經過多 (17),inferred-parent formula composition; official indication phrase taxonomy
薏苡仁,153,3,119,239,消化／消化不良／食慾不振 (85) | 疼痛／筋骨／外傷／關節／風濕疼痛 (26) | 消化／腹瀉 (3) | 消化／噁心／嘔吐 (2) | 全身／虛損／疲勞／倦怠 (2) | 其他明確症狀／消渴／口渴 (1),inferred-parent formula composition; official indication phrase taxonomy
竹葉,151,3,185,425,其他明確症狀／消渴／口渴 (38) | 消化／便秘 (37) | 呼吸／感冒／咳嗽 (36) | 消化／噁心／嘔吐 (28) | 呼吸／感冒／痰多／祛痰 (13) | 眼耳鼻喉／眼睛乾澀／視力不清 (12) | 消化／腹脹／胃脹 (10) | 泌尿／腎／小便不利／澀痛 (5) | 呼吸／感冒／咽喉痛／聲音沙啞 (3) | 呼吸／感冒／氣喘／喘促 (1) | 呼吸／感冒／感冒 (1) | 泌尿／腎／夜尿／頻尿 (1),inferred-parent formula composition; official indication phrase taxonomy
粳米,151,4,165,372,呼吸／感冒／咳嗽 (74) | 其他明確症狀／消渴／口渴 (29) | 消化／噁心／嘔吐 (25) | 呼吸／感冒／氣喘／喘促 (17) | 呼吸／感冒／痰多／祛痰 (16) | 呼吸／感冒／感冒 (4),inferred-parent formula composition; official indication phrase taxonomy
桑螵蛸,146,1,479,101,睡眠／精神／健忘／精神恍惚 (178) | 泌尿／腎／遺尿 (99) | 泌尿／腎／夜尿／頻尿 (83) | 泌尿／腎／遺精／滑精 (78) | 睡眠／精神／失眠 (27) | 睡眠／精神／焦慮／心悸 (13) | 其他明確症狀／頭暈／眩暈 (1),inferred-parent formula composition; official indication phrase taxonomy
菖蒲,146,1,479,101,睡眠／精神／健忘／精神恍惚 (178) | 泌尿／腎／遺尿 (99) | 泌尿／腎／夜尿／頻尿 (83) | 泌尿／腎／遺精／滑精 (78) | 睡眠／精神／失眠 (27) | 睡眠／精神／焦慮／心悸 (13) | 其他明確症狀／頭暈／眩暈 (1),inferred-parent formula composition; official indication phrase taxonomy
延胡索,145,3,505,251,消化／腹痛 (90) | 婦科／月經不調 (54) | 婦科／產後調理／廣泛產後症狀 (39) | 婦科／經痛／經行腹痛 (37) | 消化／胃痛／胃脘痛 (34) | 婦科／產後腹痛 (34) | 疼痛／筋骨／外傷／跌打損傷／瘀傷 (34) | 消化／胃酸逆流／泛酸 (30) | 消化／腹脹／胃脹 (28) | 婦科／白帶 (26) | 消化／消化不良／食慾不振 (19) | 消化／噁心／嘔吐 (19) | 其他明確症狀／頭暈／眩暈 (16) | 全身／虛損／氣血不足／貧血 (16) | 疼痛／筋骨／外傷／腰痛／腰膝痠痛 (16) | 眼耳鼻喉／耳鳴／耳聾 (3) | 睡眠／精神／焦慮／心悸 (3) | 睡眠／精神／健忘／精神恍惚 (3) | 睡眠／精神／失眠 (1) | 全身／虛損／疲勞／倦怠 (1),inferred-parent formula composition; official indication phrase taxonomy
川石斛,143,1,256,37,呼吸／感冒／痰多／祛痰 (124) | 呼吸／感冒／咳嗽 (120) | 呼吸／感冒／感冒 (12),inferred-parent formula composition; official indication phrase taxonomy
榖芽,143,1,256,37,呼吸／感冒／痰多／祛痰 (124) | 呼吸／感冒／咳嗽 (120) | 呼吸／感冒／感冒 (12),inferred-parent formula composition; official indication phrase taxonomy
枇杷葉,141,4,270,278,呼吸／感冒／咽喉痛／聲音沙啞 (53) | 呼吸／感冒／咳嗽 (49) | 呼吸／感冒／痰多／祛痰 (37) | 呼吸／感冒／鼻塞／鼻炎 (36) | 疼痛／筋骨／外傷／頭痛 (29) | 其他明確症狀／消渴／口渴 (29) | 眼耳鼻喉／眼睛乾澀／視力不清 (11) | 消化／便秘 (11) | 呼吸／感冒／氣喘／喘促 (8) | 消化／噁心／嘔吐 (7),inferred-parent formula composition; official indication phrase taxonomy
天門冬,139,4,240,243,呼吸／感冒／咽喉痛／聲音沙啞 (58) | 呼吸／感冒／咳嗽 (54) | 呼吸／感冒／痰多／祛痰 (51) | 呼吸／感冒／氣喘／喘促 (21) | 全身／虛損／盜汗／自汗 (21) | 眼耳鼻喉／眼睛乾澀／視力不清 (13) | 消化／便秘 (12) | 其他明確症狀／消渴／口渴 (6) | 其他明確症狀／頭暈／眩暈 (4),inferred-parent formula composition; official indication phrase taxonomy
炙黃耆,138,2,195,109,其他明確症狀／消渴／口渴 (113) | 泌尿／腎／夜尿／頻尿 (36) | 睡眠／精神／焦慮／心悸 (23) | 睡眠／精神／失眠 (23),inferred-parent formula composition; official indication phrase taxonomy
楮實子,136,1,1,442,全身／虛損／氣血不足／貧血 (1),inferred-parent formula composition; official indication phrase taxonomy
蕤仁,136,1,1,442,全身／虛損／氣血不足／貧血 (1),inferred-parent formula composition; official indication phrase taxonomy
白扁豆,134,2,145,251,消化／消化不良／食慾不振 (86) | 疼痛／筋骨／外傷／頭痛 (21) | 消化／腹痛 (19) | 消化／腹瀉 (8) | 消化／噁心／嘔吐 (3) | 其他明確症狀／消渴／口渴 (2) | 消化／胃痛／胃脘痛 (2) | 全身／虛損／疲勞／倦怠 (2) | 消化／胃酸逆流／泛酸 (1) | 消化／腹脹／胃脹 (1),inferred-parent formula composition; official indication phrase taxonomy
烏藥,132,3,416,265,消化／腹痛 (55) | 婦科／月經不調 (54) | 婦科／產後調理／廣泛產後症狀 (39) | 婦科／經痛／經行腹痛 (37) | 婦科／產後腹痛 (34) | 疼痛／筋骨／外傷／跌打損傷／瘀傷 (34) | 疼痛／筋骨／外傷／關節／風濕疼痛 (34) | 泌尿／腎／夜尿／頻尿 (29) | 婦科／白帶 (26) | 其他明確症狀／頭暈／眩暈 (16) | 全身／虛損／氣血不足／貧血 (16) | 疼痛／筋骨／外傷／腰痛／腰膝痠痛 (16) | 呼吸／感冒／痰多／祛痰 (8) | 消化／消化不良／食慾不振 (4) | 眼耳鼻喉／耳鳴／耳聾 (3) | 睡眠／精神／焦慮／心悸 (3) | 睡眠／精神／健忘／精神恍惚 (3) | 消化／腹脹／胃脹 (1) | 睡眠／精神／失眠 (1) | 全身／虛損／疲勞／倦怠 (1),inferred-parent formula composition; official indication phrase taxonomy
蓮鬚,131,2,272,136,泌尿／腎／遺精／滑精 (83) | 全身／虛損／盜汗／自汗 (71) | 疼痛／筋骨／外傷／腰痛／腰膝痠痛 (38) | 全身／虛損／疲勞／倦怠 (38) | 眼耳鼻喉／耳鳴／耳聾 (36) | 婦科／白帶 (2) | 泌尿／腎／夜尿／頻尿 (2) | 其他明確症狀／頭暈／眩暈 (2),inferred-parent formula composition; official indication phrase taxonomy
寄生,128,1,80,277,疼痛／筋骨／外傷／關節／風濕疼痛 (66) | 疼痛／筋骨／外傷／腰痛／腰膝痠痛 (9) | 疼痛／筋骨／外傷／肩背／肢體疼痛 (5),inferred-parent formula composition; official indication phrase taxonomy
茶葉,124,1,237,100,呼吸／感冒／鼻塞／鼻炎 (145) | 呼吸／感冒／感冒 (91) | 眼耳鼻喉／耳鳴／耳聾 (1),inferred-parent formula composition; official indication phrase taxonomy
藁本,124,1,237,100,呼吸／感冒／鼻塞／鼻炎 (145) | 呼吸／感冒／感冒 (91) | 眼耳鼻喉／耳鳴／耳聾 (1),inferred-parent formula composition; official indication phrase taxonomy
天南星,123,1,231,249,疼痛／筋骨／外傷／關節／風濕疼痛 (119) | 呼吸／感冒／痰多／祛痰 (97) | 疼痛／筋骨／外傷／腰痛／腰膝痠痛 (15),inferred-parent formula composition; official indication phrase taxonomy
懷牛膝,120,2,176,160,全身／虛損／氣血不足／貧血 (58) | 疼痛／筋骨／外傷／腰痛／腰膝痠痛 (42) | 疼痛／筋骨／外傷／肩背／肢體疼痛 (42) | 全身／虛損／疲勞／倦怠 (32) | 泌尿／腎／夜尿／頻尿 (1) | 其他明確症狀／頭暈／眩暈 (1),inferred-parent formula composition; official indication phrase taxonomy
槐花,118,1,111,252,消化／便秘 (110) | 泌尿／腎／小便不利／澀痛 (1),inferred-parent formula composition; official indication phrase taxonomy
藿香,118,3,185,517,消化／消化不良／食慾不振 (84) | 其他明確症狀／消渴／口渴 (24) | 全身／虛損／疲勞／倦怠 (22) | 消化／腹脹／胃脹 (22) | 消化／噁心／嘔吐 (15) | 消化／腹瀉 (6) | 疼痛／筋骨／外傷／頭痛 (5) | 消化／腹痛 (3) | 呼吸／感冒／感冒 (1) | 呼吸／感冒／咳嗽 (1) | 消化／胃痛／胃脘痛 (1) | 呼吸／感冒／咽喉痛／聲音沙啞 (1),inferred-parent formula composition; official indication phrase taxonomy
大腹皮,116,3,146,534,消化／消化不良／食慾不振 (77) | 泌尿／腎／小便不利／澀痛 (20) | 呼吸／感冒／氣喘／喘促 (18) | 消化／便秘 (15) | 消化／噁心／嘔吐 (4) | 疼痛／筋骨／外傷／頭痛 (4) | 消化／腹脹／胃脹 (2) | 消化／腹瀉 (2) | 呼吸／感冒／感冒 (1) | 消化／腹痛 (1) | 呼吸／感冒／咳嗽 (1) | 消化／胃痛／胃脘痛 (1),inferred-parent formula composition; official indication phrase taxonomy
生黃耆,115,1,149,86,其他明確症狀／消渴／口渴 (113) | 泌尿／腎／夜尿／頻尿 (36),inferred-parent formula composition; official indication phrase taxonomy
橘皮,113,1,223,63,呼吸／感冒／痰多／祛痰 (86) | 呼吸／感冒／咳嗽 (62) | 呼吸／感冒／感冒 (39) | 疼痛／筋骨／外傷／頭痛 (31) | 呼吸／感冒／鼻塞／鼻炎 (5),inferred-parent formula composition; official indication phrase taxonomy
蘆根,113,2,282,138,呼吸／感冒／咳嗽 (83) | 其他明確症狀／消渴／口渴 (68) | 呼吸／感冒／咽喉痛／聲音沙啞 (60) | 疼痛／筋骨／外傷／頭痛 (50) | 呼吸／感冒／感冒 (10) | 其他明確症狀／頭暈／眩暈 (8) | 呼吸／感冒／鼻塞／鼻炎 (2) | 疼痛／筋骨／外傷／關節／風濕疼痛 (1),inferred-parent formula composition; official indication phrase taxonomy
酸棗仁,111,2,386,181,睡眠／精神／焦慮／心悸 (111) | 全身／虛損／氣血不足／貧血 (55) | 全身／虛損／疲勞／倦怠 (49) | 婦科／月經不調 (48) | 消化／消化不良／食慾不振 (47) | 睡眠／精神／失眠 (39) | 睡眠／精神／健忘／精神恍惚 (29) | 疼痛／筋骨／外傷／腰痛／腰膝痠痛 (3) | 全身／虛損／盜汗／自汗 (2) | 消化／腹痛 (1) | 其他明確症狀／頭暈／眩暈 (1) | 婦科／產後調理／廣泛產後症狀 (1),inferred-parent formula composition; official indication phrase taxonomy
煨薑/生薑,108,1,260,82,婦科／月經不調 (80) | 全身／虛損／氣血不足／貧血 (77) | 睡眠／精神／焦慮／心悸 (75) | 婦科／更年期症狀 (6) | 全身／虛損／疲勞／倦怠 (5) | 消化／消化不良／食慾不振 (4) | 消化／便秘 (3) | 全身／虛損／盜汗／自汗 (2) | 疼痛／筋骨／外傷／跌打損傷／瘀傷 (2) | 皮膚／外科／皮膚搔癢／疹 (1) | 消化／腹痛 (1) | 疼痛／筋骨／外傷／腰痛／腰膝痠痛 (1) | 疼痛／筋骨／外傷／頭痛 (1) | 其他明確症狀／頭暈／眩暈 (1) | 消化／腹脹／胃脹 (1),inferred-parent formula composition; official indication phrase taxonomy
燈心草,105,4,19,318,消化／便秘 (15) | 其他明確症狀／消渴／口渴 (3) | 泌尿／腎／小便不利／澀痛 (1),inferred-parent formula composition; official indication phrase taxonomy
半夏麴,104,2,137,477,消化／消化不良／食慾不振 (77) | 睡眠／精神／焦慮／心悸 (23) | 睡眠／精神／失眠 (23) | 消化／噁心／嘔吐 (4) | 疼痛／筋骨／外傷／頭痛 (4) | 消化／腹瀉 (2) | 呼吸／感冒／感冒 (1) | 消化／腹痛 (1) | 呼吸／感冒／咳嗽 (1) | 消化／胃痛／胃脘痛 (1),inferred-parent formula composition; official indication phrase taxonomy
竹茹,101,3,169,121,呼吸／感冒／痰多／祛痰 (62) | 呼吸／感冒／咳嗽 (54) | 消化／噁心／嘔吐 (28) | 呼吸／感冒／氣喘／喘促 (6) | 其他明確症狀／消渴／口渴 (5) | 呼吸／感冒／咽喉痛／聲音沙啞 (5) | 呼吸／感冒／感冒 (4) | 睡眠／精神／焦慮／心悸 (4) | 睡眠／精神／失眠 (1),inferred-parent formula composition; official indication phrase taxonomy
製何首烏,101,1,164,131,全身／虛損／氣血不足／貧血 (58) | 疼痛／筋骨／外傷／肩背／肢體疼痛 (41) | 全身／虛損／疲勞／倦怠 (32) | 疼痛／筋骨／外傷／腰痛／腰膝痠痛 (31) | 泌尿／腎／夜尿／頻尿 (1) | 其他明確症狀／頭暈／眩暈 (1),inferred-parent formula composition; official indication phrase taxonomy
青皮,97,2,401,218,消化／腹痛 (55) | 婦科／月經不調 (54) | 婦科／產後調理／廣泛產後症狀 (39) | 婦科／經痛／經行腹痛 (37) | 婦科／產後腹痛 (34) | 疼痛／筋骨／外傷／跌打損傷／瘀傷 (34) | 全身／虛損／盜汗／自汗 (28) | 其他明確症狀／消渴／口渴 (28) | 婦科／白帶 (26) | 其他明確症狀／頭暈／眩暈 (16) | 全身／虛損／氣血不足／貧血 (16) | 疼痛／筋骨／外傷／腰痛／腰膝痠痛 (16) | 消化／消化不良／食慾不振 (4) | 眼耳鼻喉／耳鳴／耳聾 (3) | 睡眠／精神／焦慮／心悸 (3) | 睡眠／精神／健忘／精神恍惚 (3) | 消化／腹脹／胃脹 (1) | 睡眠／精神／失眠 (1) | 全身／虛損／疲勞／倦怠 (1) | 婦科／不孕 (1),inferred-parent formula composition; official indication phrase taxonomy
蓮子肉,96,1,93,137,消化／消化不良／食慾不振 (85) | 消化／腹瀉 (3) | 消化／噁心／嘔吐 (2) | 全身／虛損／疲勞／倦怠 (2) | 其他明確症狀／消渴／口渴 (1),inferred-parent formula composition; official indication phrase taxonomy
百合,95,2,163,170,呼吸／感冒／咳嗽 (53) | 呼吸／感冒／氣喘／喘促 (39) | 呼吸／感冒／鼻塞／鼻炎 (36) | 呼吸／感冒／痰多／祛痰 (20) | 呼吸／感冒／感冒 (11) | 疼痛／筋骨／外傷／跌打損傷／瘀傷 (2) | 其他明確症狀／消渴／口渴 (1) | 呼吸／感冒／咽喉痛／聲音沙啞 (1),inferred-parent formula composition; official indication phrase taxonomy
訶子,95,1,162,28,呼吸／感冒／咽喉痛／聲音沙啞 (162),inferred-parent formula composition; official indication phrase taxonomy
淡竹葉,94,2,197,148,呼吸／感冒／咽喉痛／聲音沙啞 (60) | 疼痛／筋骨／外傷／頭痛 (42) | 呼吸／感冒／咳嗽 (41) | 其他明確症狀／消渴／口渴 (40) | 消化／便秘 (6) | 呼吸／感冒／痰多／祛痰 (5) | 呼吸／感冒／鼻塞／鼻炎 (2) | 呼吸／感冒／感冒 (1),inferred-parent formula composition; official indication phrase taxonomy
赤茯苓,93,4,106,281,呼吸／感冒／咳嗽 (45) | 其他明確症狀／頭暈／眩暈 (24) | 消化／便秘 (15) | 呼吸／感冒／痰多／祛痰 (9) | 消化／噁心／嘔吐 (7) | 呼吸／感冒／氣喘／喘促 (6),inferred-parent formula composition; official indication phrase taxonomy
茴香,92,2,172,206,消化／腹痛 (35) | 消化／胃痛／胃脘痛 (34) | 消化／胃酸逆流／泛酸 (30) | 消化／腹脹／胃脹 (27) | 消化／噁心／嘔吐 (19) | 消化／消化不良／食慾不振 (15) | 疼痛／筋骨／外傷／腰痛／腰膝痠痛 (11) | 疼痛／筋骨／外傷／肩背／肢體疼痛 (1),inferred-parent formula composition; official indication phrase taxonomy
沙苑蒺藜,88,1,271,51,泌尿／腎／遺精／滑精 (83) | 全身／虛損／盜汗／自汗 (71) | 疼痛／筋骨／外傷／腰痛／腰膝痠痛 (38) | 全身／虛損／疲勞／倦怠 (38) | 眼耳鼻喉／耳鳴／耳聾 (36) | 婦科／白帶 (2) | 其他明確症狀／頭暈／眩暈 (2) | 泌尿／腎／夜尿／頻尿 (1),inferred-parent formula composition; official indication phrase taxonomy
芡實,88,1,271,51,泌尿／腎／遺精／滑精 (83) | 全身／虛損／盜汗／自汗 (71) | 疼痛／筋骨／外傷／腰痛／腰膝痠痛 (38) | 全身／虛損／疲勞／倦怠 (38) | 眼耳鼻喉／耳鳴／耳聾 (36) | 婦科／白帶 (2) | 其他明確症狀／頭暈／眩暈 (2) | 泌尿／腎／夜尿／頻尿 (1),inferred-parent formula composition; official indication phrase taxonomy
蓮子,88,1,271,51,泌尿／腎／遺精／滑精 (83) | 全身／虛損／盜汗／自汗 (71) | 疼痛／筋骨／外傷／腰痛／腰膝痠痛 (38) | 全身／虛損／疲勞／倦怠 (38) | 眼耳鼻喉／耳鳴／耳聾 (36) | 婦科／白帶 (2) | 其他明確症狀／頭暈／眩暈 (2) | 泌尿／腎／夜尿／頻尿 (1),inferred-parent formula composition; official indication phrase taxonomy
龍眼肉,88,1,340,158,睡眠／精神／焦慮／心悸 (88) | 全身／虛損／氣血不足／貧血 (55) | 全身／虛損／疲勞／倦怠 (49) | 婦科／月經不調 (48) | 消化／消化不良／食慾不振 (47) | 睡眠／精神／健忘／精神恍惚 (29) | 睡眠／精神／失眠 (16) | 疼痛／筋骨／外傷／腰痛／腰膝痠痛 (3) | 全身／虛損／盜汗／自汗 (2) | 消化／腹痛 (1) | 其他明確症狀／頭暈／眩暈 (1) | 婦科／產後調理／廣泛產後症狀 (1),inferred-parent formula composition; official indication phrase taxonomy
鈎藤,86,2,142,144,消化／噁心／嘔吐 (53) | 其他明確症狀／頭暈／眩暈 (40) | 呼吸／感冒／痰多／祛痰 (24) | 消化／腹脹／胃脹 (22) | 疼痛／筋骨／外傷／肩背／肢體疼痛 (1) | 全身／虛損／疲勞／倦怠 (1) | 疼痛／筋骨／外傷／頭痛 (1),inferred-parent formula composition; official indication phrase taxonomy
甘草梢,83,2,30,159,泌尿／腎／夜尿／頻尿 (29) | 泌尿／腎／小便不利／澀痛 (1),inferred-parent formula composition; official indication phrase taxonomy
苦參,83,2,93,96,皮膚／外科／皮膚搔癢／疹 (39) | 疼痛／筋骨／外傷／肩背／肢體疼痛 (28) | 疼痛／筋骨／外傷／關節／風濕疼痛 (26),inferred-parent formula composition; official indication phrase taxonomy
菊花,82,2,129,219,呼吸／感冒／咳嗽 (42) | 呼吸／感冒／咽喉痛／聲音沙啞 (31) | 其他明確症狀／消渴／口渴 (28) | 呼吸／感冒／感冒 (9) | 疼痛／筋骨／外傷／頭痛 (8) | 其他明確症狀／頭暈／眩暈 (8) | 疼痛／筋骨／外傷／關節／風濕疼痛 (2) | 消化／便秘 (1),inferred-parent formula composition; official indication phrase taxonomy
薑黃,82,3,94,388,呼吸／感冒／咽喉痛／聲音沙啞 (31) | 皮膚／外科／瘡瘍／腫毒 (30) | 疼痛／筋骨／外傷／跌打損傷／瘀傷 (16) | 婦科／乳房／泌乳相關 (15) | 疼痛／筋骨／外傷／關節／風濕疼痛 (1) | 消化／便秘 (1),inferred-parent formula composition; official indication phrase taxonomy
柏子仁,80,2,69,151,睡眠／精神／焦慮／心悸 (23) | 睡眠／精神／失眠 (23) | 疼痛／筋骨／外傷／腰痛／腰膝痠痛 (14) | 疼痛／筋骨／外傷／肩背／肢體疼痛 (9),inferred-parent formula composition; official indication phrase taxonomy
紫菀,80,2,167,26,呼吸／感冒／咳嗽 (77) | 呼吸／感冒／痰多／祛痰 (72) | 皮膚／外科／瘡瘍／腫毒 (13) | 呼吸／感冒／感冒 (4) | 消化／腹脹／胃脹 (1),inferred-parent formula composition; official indication phrase taxonomy
丁香,77,1,145,14,疼痛／筋骨／外傷／跌打損傷／瘀傷 (145),inferred-parent formula composition; official indication phrase taxonomy
熟大黃,77,1,145,14,疼痛／筋骨／外傷／跌打損傷／瘀傷 (145),inferred-parent formula composition; official indication phrase taxonomy
蓮肉,77,1,145,14,疼痛／筋骨／外傷／跌打損傷／瘀傷 (145),inferred-parent formula composition; official indication phrase taxonomy
血竭,77,1,145,14,疼痛／筋骨／外傷／跌打損傷／瘀傷 (145),inferred-parent formula composition; official indication phrase taxonomy
淡豆豉,76,2,186,108,呼吸／感冒／咽喉痛／聲音沙啞 (60) | 疼痛／筋骨／外傷／頭痛 (42) | 呼吸／感冒／咳嗽 (41) | 其他明確症狀／消渴／口渴 (40) | 呼吸／感冒／鼻塞／鼻炎 (2) | 呼吸／感冒／感冒 (1),inferred-parent formula composition; official indication phrase taxonomy
桑葉,74,2,218,101,呼吸／感冒／咳嗽 (73) | 其他明確症狀／消渴／口渴 (57) | 疼痛／筋骨／外傷／頭痛 (37) | 呼吸／感冒／痰多／祛痰 (31) | 呼吸／感冒／感冒 (9) | 其他明確症狀／頭暈／眩暈 (8) | 呼吸／感冒／氣喘／喘促 (2) | 疼痛／筋骨／外傷／關節／風濕疼痛 (1),inferred-parent formula composition; official indication phrase taxonomy
膠飴,74,3,67,179,消化／腹痛 (31) | 全身／虛損／盜汗／自汗 (26) | 全身／虛損／疲勞／倦怠 (4) | 疼痛／筋骨／外傷／肩背／肢體疼痛 (2) | 睡眠／精神／健忘／精神恍惚 (1) | 全身／虛損／氣血不足／貧血 (1) | 泌尿／腎／夜尿／頻尿 (1) | 消化／噁心／嘔吐 (1),inferred-parent formula composition; official indication phrase taxonomy
益智仁,73,2,30,124,泌尿／腎／夜尿／頻尿 (30),inferred-parent formula composition; official indication phrase taxonomy
良薑,73,1,160,177,消化／腹痛 (35) | 消化／胃痛／胃脘痛 (34) | 消化／胃酸逆流／泛酸 (30) | 消化／腹脹／胃脹 (27) | 消化／噁心／嘔吐 (19) | 消化／消化不良／食慾不振 (15),inferred-parent formula composition; official indication phrase taxonomy
茯神,71,2,120,69,其他明確症狀／頭暈／眩暈 (40) | 消化／噁心／嘔吐 (33) | 睡眠／精神／焦慮／心悸 (23) | 睡眠／精神／失眠 (23) | 疼痛／筋骨／外傷／頭痛 (1),inferred-parent formula composition; official indication phrase taxonomy
白殭蠶,70,2,42,259,疼痛／筋骨／外傷／關節／風濕疼痛 (34) | 呼吸／感冒／痰多／祛痰 (8),inferred-parent formula composition; official indication phrase taxonomy
炮乾薑,69,2,74,189,消化／腹痛 (18) | 消化／腹瀉 (18) | 消化／噁心／嘔吐 (18) | 全身／虛損／氣血不足／貧血 (16) | 婦科／月經不調 (1) | 疼痛／筋骨／外傷／頭痛 (1) | 婦科／更年期症狀 (1) | 呼吸／感冒／感冒 (1),inferred-parent formula composition; official indication phrase taxonomy
海螵蛸,68,1,345,58,消化／腹痛 (55) | 婦科／月經不調 (54) | 婦科／產後調理／廣泛產後症狀 (39) | 婦科／經痛／經行腹痛 (37) | 婦科／產後腹痛 (34) | 疼痛／筋骨／外傷／跌打損傷／瘀傷 (34) | 婦科／白帶 (26) | 其他明確症狀／頭暈／眩暈 (16) | 全身／虛損／氣血不足／貧血 (16) | 疼痛／筋骨／外傷／腰痛／腰膝痠痛 (16) | 消化／消化不良／食慾不振 (4) | 眼耳鼻喉／耳鳴／耳聾 (3) | 睡眠／精神／焦慮／心悸 (3) | 睡眠／精神／健忘／精神恍惚 (3) | 消化／腹脹／胃脹 (1) | 睡眠／精神／失眠 (1) | 全身／虛損／疲勞／倦怠 (1) | 婦科／不孕 (1) | 婦科／妊娠相關症狀 (1),inferred-parent formula composition; official indication phrase taxonomy
艾葉,67,2,107,47,婦科／妊娠相關症狀 (25) | 婦科／產後調理／廣泛產後症狀 (25) | 婦科／崩漏／月經過多 (21) | 消化／腹痛 (9) | 疼痛／筋骨／外傷／腰痛／腰膝痠痛 (6) | 其他明確症狀／頭暈／眩暈 (5) | 婦科／白帶 (5) | 全身／虛損／氣血不足／貧血 (4) | 眼耳鼻喉／耳鳴／耳聾 (4) | 婦科／月經不調 (2) | 消化／腹脹／胃脹 (1),inferred-parent formula composition; official indication phrase taxonomy
蔓荊子,67,2,131,186,疼痛／筋骨／外傷／頭痛 (63) | 其他明確症狀／頭暈／眩暈 (30) | 眼耳鼻喉／耳鳴／耳聾 (30) | 疼痛／筋骨／外傷／關節／風濕疼痛 (7) | 疼痛／筋骨／外傷／肩背／肢體疼痛 (1),inferred-parent formula composition; official indication phrase taxonomy
煨薑,66,2,240,134,全身／虛損／疲勞／倦怠 (52) | 消化／消化不良／食慾不振 (52) | 全身／虛損／氣血不足／貧血 (45) | 婦科／月經不調 (45) | 消化／腹痛 (8) | 婦科／經痛／經行腹痛 (7) | 其他明確症狀／頭暈／眩暈 (7) | 婦科／白帶 (7) | 疼痛／筋骨／外傷／腰痛／腰膝痠痛 (6) | 疼痛／筋骨／外傷／頭痛 (6) | 呼吸／感冒／咳嗽 (1) | 呼吸／感冒／痰多／祛痰 (1) | 睡眠／精神／焦慮／心悸 (1) | 睡眠／精神／失眠 (1) | 皮膚／外科／瘡瘍／腫毒 (1),inferred-parent formula composition; official indication phrase taxonomy
白前,66,1,128,12,呼吸／感冒／咳嗽 (64) | 呼吸／感冒／痰多／祛痰 (59) | 呼吸／感冒／感冒 (4) | 消化／腹脹／胃脹 (1),inferred-parent formula composition; official indication phrase taxonomy
百部,66,1,128,12,呼吸／感冒／咳嗽 (64) | 呼吸／感冒／痰多／祛痰 (59) | 呼吸／感冒／感冒 (4) | 消化／腹脹／胃脹 (1),inferred-parent formula composition; official indication phrase taxonomy
吳茱萸,65,3,88,195,消化／噁心／嘔吐 (42) | 疼痛／筋骨／外傷／頭痛 (21) | 婦科／月經不調 (4) | 婦科／白帶 (4) | 消化／腹痛 (3) | 睡眠／精神／焦慮／心悸 (3) | 其他明確症狀／頭暈／眩暈 (3) | 疼痛／筋骨／外傷／腰痛／腰膝痠痛 (2) | 疼痛／筋骨／外傷／關節／風濕疼痛 (2) | 消化／腹瀉 (2) | 婦科／產後調理／廣泛產後症狀 (1) | 消化／消化不良／食慾不振 (1),inferred-parent formula composition; official indication phrase taxonomy
甘草節,64,1,41,106,皮膚／外科／瘡瘍／腫毒 (28) | 眼耳鼻喉／眼睛乾澀／視力不清 (9) | 其他明確症狀／消渴／口渴 (4),inferred-parent formula composition; official indication phrase taxonomy
當歸尾,63,2,33,226,呼吸／感冒／咽喉痛／聲音沙啞 (31) | 疼痛／筋骨／外傷／關節／風濕疼痛 (1) | 消化／便秘 (1),inferred-parent formula composition; official indication phrase taxonomy
火麻仁,62,2,36,153,消化／便秘 (34) | 睡眠／精神／焦慮／心悸 (1) | 呼吸／感冒／氣喘／喘促 (1),inferred-parent formula composition; official indication phrase taxonomy
蘆薈,60,1,126,73,消化／便秘 (58) | 睡眠／精神／焦慮／心悸 (56) | 其他明確症狀／頭暈／眩暈 (5) | 眼耳鼻喉／耳鳴／耳聾 (3) | 睡眠／精神／健忘／精神恍惚 (2) | 泌尿／腎／小便不利／澀痛 (1) | 疼痛／筋骨／外傷／頭痛 (1),inferred-parent formula composition; official indication phrase taxonomy
青黛,60,1,126,73,消化／便秘 (58) | 睡眠／精神／焦慮／心悸 (56) | 其他明確症狀／頭暈／眩暈 (5) | 眼耳鼻喉／耳鳴／耳聾 (3) | 睡眠／精神／健忘／精神恍惚 (2) | 泌尿／腎／小便不利／澀痛 (1) | 疼痛／筋骨／外傷／頭痛 (1),inferred-parent formula composition; official indication phrase taxonomy
麝香,60,1,126,73,消化／便秘 (58) | 睡眠／精神／焦慮／心悸 (56) | 其他明確症狀／頭暈／眩暈 (5) | 眼耳鼻喉／耳鳴／耳聾 (3) | 睡眠／精神／健忘／精神恍惚 (2) | 泌尿／腎／小便不利／澀痛 (1) | 疼痛／筋骨／外傷／頭痛 (1),inferred-parent formula composition; official indication phrase taxonomy
細茶,59,2,71,19,呼吸／感冒／鼻塞／鼻炎 (68) | 其他明確症狀／消渴／口渴 (3),inferred-parent formula composition; official indication phrase taxonomy
鹿角膠,57,1,23,128,疼痛／筋骨／外傷／腰痛／腰膝痠痛 (14) | 疼痛／筋骨／外傷／肩背／肢體疼痛 (9),inferred-parent formula composition; official indication phrase taxonomy
鹿角霜,57,1,23,128,疼痛／筋骨／外傷／腰痛／腰膝痠痛 (14) | 疼痛／筋骨／外傷／肩背／肢體疼痛 (9),inferred-parent formula composition; official indication phrase taxonomy
附子,55,2,25,111,疼痛／筋骨／外傷／腰痛／腰膝痠痛 (6) | 泌尿／腎／小便不利／澀痛 (4) | 眼耳鼻喉／耳鳴／耳聾 (3) | 泌尿／腎／遺精／滑精 (3) | 泌尿／腎／遺尿 (3) | 其他明確症狀／消渴／口渴 (1) | 皮膚／外科／皮膚搔癢／疹 (1) | 呼吸／感冒／咽喉痛／聲音沙啞 (1) | 全身／虛損／盜汗／自汗 (1) | 婦科／白帶 (1) | 皮膚／外科／瘡瘍／腫毒 (1),inferred-parent formula composition; official indication phrase taxonomy
石斛,54,1,75,137,呼吸／感冒／咽喉痛／聲音沙啞 (53) | 眼耳鼻喉／眼睛乾澀／視力不清 (11) | 消化／便秘 (11),inferred-parent formula composition; official indication phrase taxonomy
瞿麥,53,1,1,120,泌尿／腎／小便不利／澀痛 (1),inferred-parent formula composition; official indication phrase taxonomy
萹蓄,53,1,1,120,泌尿／腎／小便不利／澀痛 (1),inferred-parent formula composition; official indication phrase taxonomy
蒼耳子,51,1,68,5,呼吸／感冒／鼻塞／鼻炎 (68),inferred-parent formula composition; official indication phrase taxonomy
山楂,50,2,110,98,消化／腹瀉 (32) | 消化／胃酸逆流／泛酸 (30) | 消化／腹痛 (28) | 消化／消化不良／食慾不振 (8) | 消化／噁心／嘔吐 (6) | 消化／腹脹／胃脹 (5) | 消化／胃痛／胃脘痛 (1),inferred-parent formula composition; official indication phrase taxonomy
丹皮,49,1,24,96,疼痛／筋骨／外傷／腰痛／腰膝痠痛 (6) | 泌尿／腎／小便不利／澀痛 (4) | 眼耳鼻喉／耳鳴／耳聾 (3) | 泌尿／腎／遺精／滑精 (3) | 泌尿／腎／遺尿 (3) | 其他明確症狀／消渴／口渴 (1) | 皮膚／外科／皮膚搔癢／疹 (1) | 呼吸／感冒／咽喉痛／聲音沙啞 (1) | 全身／虛損／盜汗／自汗 (1) | 婦科／白帶 (1),inferred-parent formula composition; official indication phrase taxonomy
乾地黃,49,1,24,96,疼痛／筋骨／外傷／腰痛／腰膝痠痛 (6) | 泌尿／腎／小便不利／澀痛 (4) | 眼耳鼻喉／耳鳴／耳聾 (3) | 泌尿／腎／遺精／滑精 (3) | 泌尿／腎／遺尿 (3) | 其他明確症狀／消渴／口渴 (1) | 皮膚／外科／皮膚搔癢／疹 (1) | 呼吸／感冒／咽喉痛／聲音沙啞 (1) | 全身／虛損／盜汗／自汗 (1) | 婦科／白帶 (1),inferred-parent formula composition; official indication phrase taxonomy
胡麻,49,1,63,26,皮膚／外科／皮膚搔癢／疹 (39) | 疼痛／筋骨／外傷／關節／風濕疼痛 (24),inferred-parent formula composition; official indication phrase taxonomy
蟬蛻,49,1,63,26,皮膚／外科／皮膚搔癢／疹 (39) | 疼痛／筋骨／外傷／關節／風濕疼痛 (24),inferred-parent formula composition; official indication phrase taxonomy
麥芽,49,2,123,78,呼吸／感冒／痰多／祛痰 (40) | 消化／噁心／嘔吐 (23) | 疼痛／筋骨／外傷／頭痛 (21) | 呼吸／感冒／咳嗽 (18) | 消化／消化不良／食慾不振 (6) | 消化／腹脹／胃脹 (5) | 其他明確症狀／頭暈／眩暈 (4) | 消化／胃酸逆流／泛酸 (2) | 消化／腹瀉 (2) | 消化／腹痛 (1) | 消化／胃痛／胃脘痛 (1),inferred-parent formula composition; official indication phrase taxonomy
旋覆花,48,2,60,75,呼吸／感冒／痰多／祛痰 (28) | 呼吸／感冒／咳嗽 (23) | 呼吸／感冒／感冒 (5) | 消化／胃酸逆流／泛酸 (2) | 消化／噁心／嘔吐 (1) | 消化／腹瀉 (1),inferred-parent formula composition; official indication phrase taxonomy
檳榔,43,3,43,108,消化／便秘 (16) | 消化／腹痛 (12) | 消化／腹瀉 (7) | 疼痛／筋骨／外傷／關節／風濕疼痛 (2) | 婦科／更年期症狀 (1) | 婦科／月經不調 (1) | 疼痛／筋骨／外傷／頭痛 (1) | 疼痛／筋骨／外傷／腰痛／腰膝痠痛 (1) | 其他明確症狀／頭暈／眩暈 (1) | 睡眠／精神／失眠 (1),inferred-parent formula composition; official indication phrase taxonomy
歸尾,41,1,0,164,,inferred-parent formula composition; official indication phrase taxonomy
山茱萸肉,40,1,58,77,呼吸／感冒／咳嗽 (15) | 全身／虛損／盜汗／自汗 (15) | 其他明確症狀／頭暈／眩暈 (8) | 全身／虛損／疲勞／倦怠 (4) | 睡眠／精神／健忘／精神恍惚 (4) | 疼痛／筋骨／外傷／腰痛／腰膝痠痛 (3) | 其他明確症狀／消渴／口渴 (2) | 眼耳鼻喉／耳鳴／耳聾 (2) | 泌尿／腎／遺精／滑精 (1) | 婦科／月經不調 (1) | 消化／腹痛 (1) | 婦科／白帶 (1) | 全身／虛損／氣血不足／貧血 (1),inferred-parent formula composition; official indication phrase taxonomy
石蓮肉,39,1,39,141,泌尿／腎／遺精／滑精 (31) | 其他明確症狀／消渴／口渴 (2) | 全身／虛損／疲勞／倦怠 (2) | 全身／虛損／盜汗／自汗 (1) | 消化／消化不良／食慾不振 (1) | 眼耳鼻喉／耳鳴／耳聾 (1) | 泌尿／腎／遺尿 (1),inferred-parent formula composition; official indication phrase taxonomy
青蒿,39,1,109,62,呼吸／感冒／咳嗽 (19) | 全身／虛損／盜汗／自汗 (19) | 全身／虛損／氣血不足／貧血 (18) | 婦科／月經不調 (18) | 婦科／白帶 (18) | 婦科／崩漏／月經過多 (17),inferred-parent formula composition; official indication phrase taxonomy
鱉甲,39,1,109,62,呼吸／感冒／咳嗽 (19) | 全身／虛損／盜汗／自汗 (19) | 全身／虛損／氣血不足／貧血 (18) | 婦科／月經不調 (18) | 婦科／白帶 (18) | 婦科／崩漏／月經過多 (17),inferred-parent formula composition; official indication phrase taxonomy
款冬花,38,1,63,14,呼吸／感冒／咳嗽 (46) | 呼吸／感冒／感冒 (8) | 呼吸／感冒／氣喘／喘促 (7) | 呼吸／感冒／痰多／祛痰 (2),inferred-parent formula composition; official indication phrase taxonomy
白果仁,38,1,63,14,呼吸／感冒／咳嗽 (46) | 呼吸／感冒／感冒 (8) | 呼吸／感冒／氣喘／喘促 (7) | 呼吸／感冒／痰多／祛痰 (2),inferred-parent formula composition; official indication phrase taxonomy
香薷,38,1,52,114,疼痛／筋骨／外傷／頭痛 (21) | 消化／腹痛 (19) | 消化／腹瀉 (5) | 消化／胃痛／胃脘痛 (2) | 其他明確症狀／消渴／口渴 (1) | 消化／噁心／嘔吐 (1) | 消化／胃酸逆流／泛酸 (1) | 消化／消化不良／食慾不振 (1) | 消化／腹脹／胃脹 (1),inferred-parent formula composition; official indication phrase taxonomy
藳本,37,1,42,128,疼痛／筋骨／外傷／頭痛 (34) | 疼痛／筋骨／外傷／關節／風濕疼痛 (7) | 疼痛／筋骨／外傷／肩背／肢體疼痛 (1),inferred-parent formula composition; official indication phrase taxonomy
板藍根,36,1,0,91,,inferred-parent formula composition; official indication phrase taxonomy
續斷,36,1,7,97,疼痛／筋骨／外傷／肩背／肢體疼痛 (6) | 疼痛／筋骨／外傷／關節／風濕疼痛 (1),inferred-parent formula composition; official indication phrase taxonomy
馬勃,36,1,0,91,,inferred-parent formula composition; official indication phrase taxonomy
小麥,35,1,6,102,呼吸／感冒／咳嗽 (5) | 睡眠／精神／健忘／精神恍惚 (1),inferred-parent formula composition; official indication phrase taxonomy
炒黃芩,34,1,30,70,疼痛／筋骨／外傷／肩背／肢體疼痛 (28) | 疼痛／筋骨／外傷／關節／風濕疼痛 (2),inferred-parent formula composition; official indication phrase taxonomy
油質基劑,32,1,9,119,皮膚／外科／瘡瘍／腫毒 (5) | 皮膚／外科／皮膚搔癢／疹 (1) | 婦科／乳房／泌乳相關 (1) | 疼痛／筋骨／外傷／關節／風濕疼痛 (1) | 疼痛／筋骨／外傷／肩背／肢體疼痛 (1),inferred-parent formula composition; official indication phrase taxonomy
紫草,32,1,9,119,皮膚／外科／瘡瘍／腫毒 (5) | 皮膚／外科／皮膚搔癢／疹 (1) | 婦科／乳房／泌乳相關 (1) | 疼痛／筋骨／外傷／關節／風濕疼痛 (1) | 疼痛／筋骨／外傷／肩背／肢體疼痛 (1),inferred-parent formula composition; official indication phrase taxonomy
胡麻油,32,1,9,119,皮膚／外科／瘡瘍／腫毒 (5) | 皮膚／外科／皮膚搔癢／疹 (1) | 婦科／乳房／泌乳相關 (1) | 疼痛／筋骨／外傷／關節／風濕疼痛 (1) | 疼痛／筋骨／外傷／肩背／肢體疼痛 (1),inferred-parent formula composition; official indication phrase taxonomy
蜜蠟,32,1,9,119,皮膚／外科／瘡瘍／腫毒 (5) | 皮膚／外科／皮膚搔癢／疹 (1) | 婦科／乳房／泌乳相關 (1) | 疼痛／筋骨／外傷／關節／風濕疼痛 (1) | 疼痛／筋骨／外傷／肩背／肢體疼痛 (1),inferred-parent formula composition; official indication phrase taxonomy
土茯苓,31,1,36,19,婦科／白帶 (29) | 皮膚／外科／瘡瘍／腫毒 (2) | 疼痛／筋骨／外傷／跌打損傷／瘀傷 (2) | 疼痛／筋骨／外傷／肩背／肢體疼痛 (2) | 呼吸／感冒／痰多／祛痰 (1),inferred-parent formula composition; official indication phrase taxonomy
胡麻仁,31,1,122,60,呼吸／感冒／咳嗽 (31) | 呼吸／感冒／痰多／祛痰 (31) | 疼痛／筋骨／外傷／頭痛 (29) | 其他明確症狀／消渴／口渴 (29) | 呼吸／感冒／氣喘／喘促 (2),inferred-parent formula composition; official indication phrase taxonomy
萊菔子,31,1,90,57,消化／腹瀉 (30) | 消化／胃酸逆流／泛酸 (28) | 消化／腹痛 (27) | 消化／噁心／嘔吐 (3) | 消化／消化不良／食慾不振 (2),inferred-parent formula composition; official indication phrase taxonomy
天麻,30,1,103,37,呼吸／感冒／痰多／祛痰 (40) | 疼痛／筋骨／外傷／頭痛 (21) | 消化／噁心／嘔吐 (20) | 呼吸／感冒／咳嗽 (18) | 其他明確症狀／頭暈／眩暈 (4),inferred-parent formula composition; official indication phrase taxonomy
萆薢,30,1,29,39,泌尿／腎／夜尿／頻尿 (29),inferred-parent formula composition; official indication phrase taxonomy
昆布,28,2,0,64,,inferred-parent formula composition; official indication phrase taxonomy
一作取汁五勺）兩,27,1,70,20,呼吸／感冒／咽喉痛／聲音沙啞 (37) | 呼吸／感冒／咳嗽 (27) | 疼痛／筋骨／外傷／頭痛 (6),inferred-parent formula composition; official indication phrase taxonomy
炒梔子,27,1,103,130,呼吸／感冒／痰多／祛痰 (21) | 消化／腹脹／胃脹 (21) | 消化／胃酸逆流／泛酸 (21) | 消化／噁心／嘔吐 (21) | 呼吸／感冒／鼻塞／鼻炎 (11) | 呼吸／感冒／感冒 (4) | 消化／消化不良／食慾不振 (1) | 消化／腹痛 (1) | 疼痛／筋骨／外傷／關節／風濕疼痛 (1) | 疼痛／筋骨／外傷／肩背／肢體疼痛 (1),inferred-parent formula composition; official indication phrase taxonomy
皂角刺,26,1,23,31,皮膚／外科／瘡瘍／腫毒 (23),inferred-parent formula composition; official indication phrase taxonomy
荊芥炭,26,1,26,0,婦科／白帶 (26),inferred-parent formula composition; official indication phrase taxonomy
生石膏,24,1,46,25,其他明確症狀／消渴／口渴 (23) | 疼痛／筋骨／外傷／頭痛 (23),inferred-parent formula composition; official indication phrase taxonomy
穿山甲,24,1,40,26,疼痛／筋骨／外傷／跌打損傷／瘀傷 (39) | 皮膚／外科／瘡瘍／腫毒 (1),inferred-parent formula composition; official indication phrase taxonomy
荊三稜,24,1,0,48,,inferred-parent formula composition; official indication phrase taxonomy
莪朮,24,1,0,48,,inferred-parent formula composition; official indication phrase taxonomy
代赭石,23,1,8,53,呼吸／感冒／痰多／祛痰 (4) | 消化／胃酸逆流／泛酸 (2) | 消化／噁心／嘔吐 (1) | 消化／腹瀉 (1),inferred-parent formula composition; official indication phrase taxonomy
何首烏,23,1,36,7,皮膚／外科／皮膚搔癢／疹 (36),inferred-parent formula composition; official indication phrase taxonomy
白蒺藜,23,1,36,7,皮膚／外科／皮膚搔癢／疹 (36),inferred-parent formula composition; official indication phrase taxonomy
側柏葉,22,1,0,37,,inferred-parent formula composition; official indication phrase taxonomy
射干,22,1,66,41,消化／腹脹／胃脹 (22) | 其他明確症狀／消渴／口渴 (22) | 全身／虛損／疲勞／倦怠 (21) | 呼吸／感冒／咽喉痛／聲音沙啞 (1),inferred-parent formula composition; official indication phrase taxonomy
炒槐花,22,1,0,37,,inferred-parent formula composition; official indication phrase taxonomy
白豆蔻,22,1,66,41,消化／腹脹／胃脹 (22) | 其他明確症狀／消渴／口渴 (22) | 全身／虛損／疲勞／倦怠 (21) | 呼吸／感冒／咽喉痛／聲音沙啞 (1),inferred-parent formula composition; official indication phrase taxonomy
荊芥穗,22,1,0,37,,inferred-parent formula composition; official indication phrase taxonomy
栝樓仁,21,1,35,14,呼吸／感冒／痰多／祛痰 (18) | 呼吸／感冒／咳嗽 (15) | 消化／噁心／嘔吐 (2),inferred-parent formula composition; official indication phrase taxonomy
五加皮,20,1,40,20,泌尿／腎／小便不利／澀痛 (20) | 呼吸／感冒／氣喘／喘促 (18) | 消化／腹脹／胃脹 (2),inferred-parent formula composition; official indication phrase taxonomy
木瓜,20,2,17,73,消化／便秘 (15) | 疼痛／筋骨／外傷／關節／風濕疼痛 (2),inferred-parent formula composition; official indication phrase taxonomy
生薑皮,20,1,40,20,泌尿／腎／小便不利／澀痛 (20) | 呼吸／感冒／氣喘／喘促 (18) | 消化／腹脹／胃脹 (2),inferred-parent formula composition; official indication phrase taxonomy
茯苓皮,20,1,40,20,泌尿／腎／小便不利／澀痛 (20) | 呼吸／感冒／氣喘／喘促 (18) | 消化／腹脹／胃脹 (2),inferred-parent formula composition; official indication phrase taxonomy
蜀椒,20,1,1,59,消化／噁心／嘔吐 (1),inferred-parent formula composition; official indication phrase taxonomy
栝樓,19,1,49,17,呼吸／感冒／痰多／祛痰 (33) | 呼吸／感冒／咳嗽 (16),inferred-parent formula composition; official indication phrase taxonomy
肉豆蔻,19,1,20,41,消化／消化不良／食慾不振 (6) | 消化／腹脹／胃脹 (5) | 消化／噁心／嘔吐 (3) | 消化／胃酸逆流／泛酸 (2) | 消化／腹瀉 (2) | 消化／腹痛 (1) | 消化／胃痛／胃脘痛 (1),inferred-parent formula composition; official indication phrase taxonomy
冬瓜仁,18,1,17,37,皮膚／外科／瘡瘍／腫毒 (17),inferred-parent formula composition; official indication phrase taxonomy
生天南星,17,1,61,64,皮膚／外科／瘡瘍／腫毒 (30) | 疼痛／筋骨／外傷／跌打損傷／瘀傷 (16) | 婦科／乳房／泌乳相關 (15),inferred-parent formula composition; official indication phrase taxonomy
水蛭,16,1,6,51,疼痛／筋骨／外傷／跌打損傷／瘀傷 (3) | 婦科／閉經 (3),inferred-parent formula composition; official indication phrase taxonomy
蝱蟲,16,1,6,51,疼痛／筋骨／外傷／跌打損傷／瘀傷 (3) | 婦科／閉經 (3),inferred-parent formula composition; official indication phrase taxonomy
酒大黃,16,1,6,51,疼痛／筋骨／外傷／跌打損傷／瘀傷 (3) | 婦科／閉經 (3),inferred-parent formula composition; official indication phrase taxonomy
木防己,11,1,0,33,,inferred-parent formula composition; official indication phrase taxonomy
栝蔞實,11,1,11,11,呼吸／感冒／痰多／祛痰 (8) | 消化／腹瀉 (1) | 消化／腹痛 (1) | 消化／胃酸逆流／泛酸 (1),inferred-parent formula composition; official indication phrase taxonomy
山豆根,8,1,3,14,其他明確症狀／消渴／口渴 (3),inferred-parent formula composition; official indication phrase taxonomy
川楝子,4,1,0,16,,inferred-parent formula composition; official indication phrase taxonomy
橘核,4,1,0,16,,inferred-parent formula composition; official indication phrase taxonomy
海帶,4,1,0,16,,inferred-parent formula composition; official indication phrase taxonomy
海藻,4,1,0,16,,inferred-parent formula composition; official indication phrase taxonomy
