product_id,indication_id,source_id
oral_liquid_00001,ind_unknown,tfda_open_data_info37_cached_20260711
oral_liquid_00002,ind_unknown,tfda_open_data_info37_cached_20260711
oral_liquid_00003,ind_unknown,tfda_open_data_info37_cached_20260711
oral_liquid_00004,ind_unknown,tfda_open_data_info37_cached_20260711
oral_liquid_00005,ind_unknown,tfda_open_data_info37_cached_20260711
oral_liquid_00006,ind_unknown,tfda_open_data_info37_cached_20260711
oral_liquid_00007,ind_unknown,tfda_open_data_info37_cached_20260711
oral_liquid_00008,ind_unknown,tfda_open_data_info37_cached_20260711
oral_liquid_00009,ind_unknown,tfda_open_data_info37_cached_20260711
oral_liquid_00010,ind_unknown,tfda_open_data_info37_cached_20260711
oral_liquid_00011,ind_unknown,tfda_open_data_info37_cached_20260711
oral_liquid_00012,ind_unknown,tfda_open_data_info37_cached_20260711
oral_liquid_00013,ind_unknown,tfda_open_data_info37_cached_20260711
oral_liquid_00014,ind_unknown,tfda_open_data_info37_cached_20260711
oral_liquid_00015,ind_unknown,tfda_open_data_info37_cached_20260711
oral_liquid_00016,ind_unknown,tfda_open_data_info37_cached_20260711
oral_liquid_00017,ind_unknown,tfda_open_data_info37_cached_20260711
oral_liquid_00018,ind_unknown,tfda_open_data_info37_cached_20260711
oral_liquid_00019,ind_unknown,tfda_open_data_info37_cached_20260711
oral_liquid_00020,ind_unknown,tfda_open_data_info37_cached_20260711
oral_liquid_00021,ind_unknown,tfda_open_data_info37_cached_20260711
oral_liquid_00022,ind_unknown,tfda_open_data_info37_cached_20260711
oral_liquid_00023,ind_unknown,tfda_open_data_info37_cached_20260711
oral_liquid_00024,ind_unknown,tfda_open_data_info37_cached_20260711
oral_liquid_00025,ind_unknown,tfda_open_data_info37_cached_20260711
oral_liquid_00026,ind_unknown,tfda_open_data_info37_cached_20260711
oral_liquid_00027,ind_unknown,tfda_open_data_info37_cached_20260711
oral_liquid_00028,ind_unknown,tfda_open_data_info37_cached_20260711
oral_liquid_00029,ind_unknown,tfda_open_data_info37_cached_20260711
oral_liquid_00030,ind_unknown,tfda_open_data_info37_cached_20260711
oral_liquid_00031,ind_unknown,tfda_open_data_info37_cached_20260711
oral_liquid_00032,ind_unknown,tfda_open_data_info37_cached_20260711
oral_liquid_00033,ind_unknown,tfda_open_data_info37_cached_20260711
oral_liquid_00034,ind_unknown,tfda_open_data_info37_cached_20260711
oral_liquid_00035,ind_unknown,tfda_open_data_info37_cached_20260711
oral_liquid_00036,ind_unknown,tfda_open_data_info37_cached_20260711
oral_liquid_00037,ind_unknown,tfda_open_data_info37_cached_20260711
oral_liquid_00038,ind_unknown,tfda_open_data_info37_cached_20260711
oral_liquid_00039,ind_unknown,tfda_open_data_info37_cached_20260711
oral_liquid_00040,ind_unknown,tfda_open_data_info37_cached_20260711
oral_liquid_00041,ind_unknown,tfda_open_data_info37_cached_20260711
oral_liquid_00042,ind_30129,tfda_open_data_info37_cached_20260711
oral_liquid_00043,ind_unknown,tfda_open_data_info37_cached_20260711
oral_liquid_00044,ind_unknown,tfda_open_data_info37_cached_20260711
oral_liquid_00045,ind_unknown,tfda_open_data_info37_cached_20260711
oral_liquid_00046,ind_16_4_12_12,tfda_open_data_info37_cached_20260711
oral_liquid_00047,ind_unknown,tfda_open_data_info37_cached_20260711
oral_liquid_00048,ind_unknown,tfda_open_data_info37_cached_20260711
oral_liquid_00049,ind_unknown,tfda_open_data_info37_cached_20260711
oral_liquid_00050,ind_unknown,tfda_open_data_info37_cached_20260711
oral_liquid_00051,ind_unknown,tfda_open_data_info37_cached_20260711
oral_liquid_00052,ind_unknown,tfda_open_data_info37_cached_20260711
oral_liquid_00053,ind_unknown,tfda_open_data_info37_cached_20260711
oral_liquid_00054,ind_unknown,tfda_open_data_info37_cached_20260711
oral_liquid_00055,ind_unknown,tfda_open_data_info37_cached_20260711
oral_liquid_00056,ind_unknown,tfda_open_data_info37_cached_20260711
oral_liquid_00057,ind_unknown,tfda_open_data_info37_cached_20260711
oral_liquid_00058,ind_unknown,tfda_open_data_info37_cached_20260711
oral_liquid_00059,ind_unknown,tfda_open_data_info37_cached_20260711
oral_liquid_00060,ind_unknown,tfda_open_data_info37_cached_20260711
oral_liquid_00061,ind_unknown,tfda_open_data_info37_cached_20260711
oral_liquid_00062,ind_unknown,tfda_open_data_info37_cached_20260711
oral_liquid_00063,ind_unknown,tfda_open_data_info37_cached_20260711
oral_liquid_00064,ind_unknown,tfda_open_data_info37_cached_20260711
oral_liquid_00065,ind_unknown,tfda_open_data_info37_cached_20260711
oral_liquid_00066,ind_ntrk_1_ntrk_acquired_resistance_mutation_2_severe_morbidity_3,tfda_open_data_info37_cached_20260711
oral_liquid_00067,ind_unknown,tfda_open_data_info37_cached_20260711
oral_liquid_00068,ind_unknown,tfda_open_data_info37_cached_20260711
oral_liquid_00069,ind_unknown,tfda_open_data_info37_cached_20260711
oral_liquid_00070,ind_unknown,tfda_open_data_info37_cached_20260711
oral_liquid_00071,ind_unknown,tfda_open_data_info37_cached_20260711
oral_liquid_00072,ind_unknown,tfda_open_data_info37_cached_20260711
oral_liquid_00073,ind_unknown,tfda_open_data_info37_cached_20260711
oral_liquid_00074,ind_unknown,tfda_open_data_info37_cached_20260711
oral_liquid_00075,ind_unknown,tfda_open_data_info37_cached_20260711
oral_liquid_00076,ind_unknown,tfda_open_data_info37_cached_20260711
oral_liquid_00077,ind_unknown,tfda_open_data_info37_cached_20260711
oral_liquid_00078,ind_unknown,tfda_open_data_info37_cached_20260711
oral_liquid_00079,ind_unknown,tfda_open_data_info37_cached_20260711
oral_liquid_00080,ind_unknown,tfda_open_data_info37_cached_20260711
oral_liquid_00081,ind_unknown,tfda_open_data_info37_cached_20260711
oral_liquid_00082,ind_unknown,tfda_open_data_info37_cached_20260711
oral_liquid_00083,ind_unknown,tfda_open_data_info37_cached_20260711
oral_liquid_00084,ind_unknown,tfda_open_data_info37_cached_20260711
oral_liquid_00085,ind_unknown,tfda_open_data_info37_cached_20260711
oral_liquid_00086,ind_unknown,tfda_open_data_info37_cached_20260711
oral_liquid_00087,ind_unknown,tfda_open_data_info37_cached_20260711
oral_liquid_00088,ind_unknown,tfda_open_data_info37_cached_20260711
oral_liquid_00089,ind_a_d,tfda_open_data_info37_cached_20260711
oral_liquid_00090,ind_unknown,tfda_open_data_info37_cached_20260711
oral_liquid_00091,ind_unknown,tfda_open_data_info37_cached_20260711
oral_liquid_00092,ind_x,tfda_open_data_info37_cached_20260711
oral_liquid_00093,ind_unknown,tfda_open_data_info37_cached_20260711
oral_liquid_00094,ind_a_d,tfda_open_data_info37_cached_20260711
oral_liquid_00095,ind_unknown,tfda_open_data_info37_cached_20260711
oral_liquid_00096,ind_unknown,tfda_open_data_info37_cached_20260711
oral_liquid_00097,ind_unknown,tfda_open_data_info37_cached_20260711
oral_liquid_00098,ind_unknown,tfda_open_data_info37_cached_20260711
oral_liquid_00099,ind_portal_systemic_encephalopathy_hepatic_precoma_hepatic_coma,tfda_open_data_info37_cached_20260711
oral_liquid_00100,ind_unknown,tfda_open_data_info37_cached_20260711
oral_liquid_00101,ind_unknown,tfda_open_data_info37_cached_20260711
oral_liquid_00102,ind_unknown,tfda_open_data_info37_cached_20260711
oral_liquid_00103,ind_unknown,tfda_open_data_info37_cached_20260711
oral_liquid_00104,ind_unknown,tfda_open_data_info37_cached_20260711
oral_liquid_00105,ind_unknown,tfda_open_data_info37_cached_20260711
oral_liquid_00106,ind_unknown,tfda_open_data_info37_cached_20260711
oral_liquid_00107,ind_unknown,tfda_open_data_info37_cached_20260711
oral_liquid_00108,ind_unknown,tfda_open_data_info37_cached_20260711
oral_liquid_00109,ind_unknown,tfda_open_data_info37_cached_20260711
oral_liquid_00110,ind_unknown,tfda_open_data_info37_cached_20260711
oral_liquid_00111,ind_unknown,tfda_open_data_info37_cached_20260711
oral_liquid_00112,ind_unknown,tfda_open_data_info37_cached_20260711
oral_liquid_00113,ind_unknown,tfda_open_data_info37_cached_20260711
oral_liquid_00114,ind_unknown,tfda_open_data_info37_cached_20260711
oral_liquid_00115,ind_unknown,tfda_open_data_info37_cached_20260711
oral_liquid_00116,ind_unknown,tfda_open_data_info37_cached_20260711
oral_liquid_00117,ind_unknown,tfda_open_data_info37_cached_20260711
oral_liquid_00118,ind_unknown,tfda_open_data_info37_cached_20260711
oral_liquid_00119,ind_unknown,tfda_open_data_info37_cached_20260711
oral_liquid_00120,ind_unknown,tfda_open_data_info37_cached_20260711
oral_liquid_00121,ind_unknown,tfda_open_data_info37_cached_20260711
oral_liquid_00122,ind_unknown,tfda_open_data_info37_cached_20260711
oral_liquid_00123,ind_unknown,tfda_open_data_info37_cached_20260711
oral_liquid_00124,ind_unknown,tfda_open_data_info37_cached_20260711
oral_liquid_00125,ind_unknown,tfda_open_data_info37_cached_20260711
oral_liquid_00126,ind_unknown,tfda_open_data_info37_cached_20260711
oral_liquid_00127,ind_unknown,tfda_open_data_info37_cached_20260711
oral_liquid_00128,ind_unknown,tfda_open_data_info37_cached_20260711
oral_liquid_00129,ind_unknown,tfda_open_data_info37_cached_20260711
oral_liquid_00130,ind_unknown,tfda_open_data_info37_cached_20260711
oral_liquid_00131,ind_unknown,tfda_open_data_info37_cached_20260711
oral_liquid_00132,ind_unknown,tfda_open_data_info37_cached_20260711
oral_liquid_00133,ind_unknown,tfda_open_data_info37_cached_20260711
oral_liquid_00134,ind_unknown,tfda_open_data_info37_cached_20260711
oral_liquid_00135,ind_unknown,tfda_open_data_info37_cached_20260711
oral_liquid_00136,ind_unknown,tfda_open_data_info37_cached_20260711
oral_liquid_00137,ind_unknown,tfda_open_data_info37_cached_20260711
oral_liquid_00138,ind_unknown,tfda_open_data_info37_cached_20260711
oral_liquid_00139,ind_unknown,tfda_open_data_info37_cached_20260711
oral_liquid_00140,ind_unknown,tfda_open_data_info37_cached_20260711
oral_liquid_00141,ind_unknown,tfda_open_data_info37_cached_20260711
oral_liquid_00142,ind_unknown,tfda_open_data_info37_cached_20260711
oral_liquid_00143,ind_unknown,tfda_open_data_info37_cached_20260711
oral_liquid_00144,ind_unknown,tfda_open_data_info37_cached_20260711
oral_liquid_00145,ind_1_2,tfda_open_data_info37_cached_20260711
oral_liquid_00146,ind_unknown,tfda_open_data_info37_cached_20260711
oral_liquid_00147,ind_unknown,tfda_open_data_info37_cached_20260711
oral_liquid_00148,ind_unknown,tfda_open_data_info37_cached_20260711
oral_liquid_00149,ind_unknown,tfda_open_data_info37_cached_20260711
oral_liquid_00150,ind_a,tfda_open_data_info37_cached_20260711
oral_liquid_00151,ind_unknown,tfda_open_data_info37_cached_20260711
oral_liquid_00152,ind_unknown,tfda_open_data_info37_cached_20260711
oral_liquid_00153,ind_unknown,tfda_open_data_info37_cached_20260711
oral_liquid_00154,ind_unknown,tfda_open_data_info37_cached_20260711
oral_liquid_00155,ind_unknown,tfda_open_data_info37_cached_20260711
oral_liquid_00156,ind_unknown,tfda_open_data_info37_cached_20260711
oral_liquid_00157,ind_unknown,tfda_open_data_info37_cached_20260711
oral_liquid_00158,ind_unknown,tfda_open_data_info37_cached_20260711
oral_liquid_00159,ind_unknown,tfda_open_data_info37_cached_20260711
oral_liquid_00160,ind_unknown,tfda_open_data_info37_cached_20260711
oral_liquid_00161,ind_unknown,tfda_open_data_info37_cached_20260711
oral_liquid_00162,ind_unknown,tfda_open_data_info37_cached_20260711
oral_liquid_00163,ind_unknown,tfda_open_data_info37_cached_20260711
oral_liquid_00164,ind_unknown,tfda_open_data_info37_cached_20260711
oral_liquid_00165,ind_unknown,tfda_open_data_info37_cached_20260711
oral_liquid_00166,ind_unknown,tfda_open_data_info37_cached_20260711
oral_liquid_00167,ind_unknown,tfda_open_data_info37_cached_20260711
oral_liquid_00168,ind_unknown,tfda_open_data_info37_cached_20260711
oral_liquid_00169,ind_portal_systemic_encephalopathy_hepatic_precoma_hepatic_coma,tfda_open_data_info37_cached_20260711
oral_liquid_00170,ind_unknown,tfda_open_data_info37_cached_20260711
oral_liquid_00171,ind_1_13_17_2_10_17_valproate_3_valproate_4_5_6_17_6,tfda_open_data_info37_cached_20260711
oral_liquid_00172,ind_citrulline,tfda_open_data_info37_cached_20260711
oral_liquid_00173,ind_carnitine,tfda_open_data_info37_cached_20260711
oral_liquid_00174,ind_unknown,tfda_open_data_info37_cached_20260711
oral_liquid_00175,ind_unknown,tfda_open_data_info37_cached_20260711
oral_liquid_00176,ind_unknown,tfda_open_data_info37_cached_20260711
oral_liquid_00177,ind_unknown,tfda_open_data_info37_cached_20260711
oral_liquid_00178,ind_unknown,tfda_open_data_info37_cached_20260711
oral_liquid_00179,ind_unknown,tfda_open_data_info37_cached_20260711
oral_liquid_00180,ind_unknown,tfda_open_data_info37_cached_20260711
oral_liquid_00181,ind_unknown,tfda_open_data_info37_cached_20260711
oral_liquid_00182,ind_unknown,tfda_open_data_info37_cached_20260711
oral_liquid_00183,ind_unknown,tfda_open_data_info37_cached_20260711
oral_liquid_00184,ind_unknown,tfda_open_data_info37_cached_20260711
oral_liquid_00185,ind_unknown,tfda_open_data_info37_cached_20260711
oral_liquid_00186,ind_unknown,tfda_open_data_info37_cached_20260711
oral_liquid_00187,ind_unknown,tfda_open_data_info37_cached_20260711
oral_liquid_00188,ind_unknown,tfda_open_data_info37_cached_20260711
oral_liquid_00189,ind_unknown,tfda_open_data_info37_cached_20260711
oral_liquid_00190,ind_unknown,tfda_open_data_info37_cached_20260711
oral_liquid_00191,ind_unknown,tfda_open_data_info37_cached_20260711
oral_liquid_00192,ind_unknown,tfda_open_data_info37_cached_20260711
oral_liquid_00193,ind_unknown,tfda_open_data_info37_cached_20260711
oral_liquid_00194,ind_unknown,tfda_open_data_info37_cached_20260711
oral_liquid_00195,ind_unknown,tfda_open_data_info37_cached_20260711
oral_liquid_00196,ind_1_2,tfda_open_data_info37_cached_20260711
oral_liquid_00197,ind_unknown,tfda_open_data_info37_cached_20260711
oral_liquid_00198,ind_unknown,tfda_open_data_info37_cached_20260711
oral_liquid_00199,ind_unknown,tfda_open_data_info37_cached_20260711
oral_liquid_00200,ind_unknown,tfda_open_data_info37_cached_20260711
oral_liquid_00201,ind_unknown,tfda_open_data_info37_cached_20260711
oral_liquid_00202,ind_unknown,tfda_open_data_info37_cached_20260711
oral_liquid_00203,ind_unknown,tfda_open_data_info37_cached_20260711
oral_liquid_00204,ind_unknown,tfda_open_data_info37_cached_20260711
oral_liquid_00205,ind_unknown,tfda_open_data_info37_cached_20260711
oral_liquid_00206,ind_unknown,tfda_open_data_info37_cached_20260711
oral_liquid_00207,ind_unknown,tfda_open_data_info37_cached_20260711
oral_liquid_00208,ind_unknown,tfda_open_data_info37_cached_20260711
oral_liquid_00209,ind_unknown,tfda_open_data_info37_cached_20260711
oral_liquid_00210,ind_unknown,tfda_open_data_info37_cached_20260711
oral_liquid_00211,ind_unknown,tfda_open_data_info37_cached_20260711
oral_liquid_00212,ind_unknown,tfda_open_data_info37_cached_20260711
oral_liquid_00213,ind_unknown,tfda_open_data_info37_cached_20260711
oral_liquid_00214,ind_unknown,tfda_open_data_info37_cached_20260711
oral_liquid_00215,ind_unknown,tfda_open_data_info37_cached_20260711
oral_liquid_00216,ind_unknown,tfda_open_data_info37_cached_20260711
oral_liquid_00217,ind_unknown,tfda_open_data_info37_cached_20260711
oral_liquid_00218,ind_unknown,tfda_open_data_info37_cached_20260711
oral_liquid_00219,ind_unknown,tfda_open_data_info37_cached_20260711
oral_liquid_00220,ind_unknown,tfda_open_data_info37_cached_20260711
oral_liquid_00221,ind_unknown,tfda_open_data_info37_cached_20260711
oral_liquid_00222,ind_1_2_1_complex_partial_seizure_simple_or_complex_partial_seizure_with_secondary_generalization_2_primary_generalized_tonic_clonic_seizures_pgtcs_idiopathic_generalized_epilepsy,tfda_open_data_info37_cached_20260711
oral_liquid_00223,ind_6_11_20,tfda_open_data_info37_cached_20260711
oral_liquid_00224,ind_unknown,tfda_open_data_info37_cached_20260711
oral_liquid_00225,ind_unknown,tfda_open_data_info37_cached_20260711
oral_liquid_00226,ind_unknown,tfda_open_data_info37_cached_20260711
oral_liquid_00227,ind_unknown,tfda_open_data_info37_cached_20260711
oral_liquid_00228,ind_unknown,tfda_open_data_info37_cached_20260711
oral_liquid_00229,ind_unknown,tfda_open_data_info37_cached_20260711
oral_liquid_00230,ind_unknown,tfda_open_data_info37_cached_20260711
oral_liquid_00231,ind_unknown,tfda_open_data_info37_cached_20260711
oral_liquid_00232,ind_unknown,tfda_open_data_info37_cached_20260711
oral_liquid_00233,ind_unknown,tfda_open_data_info37_cached_20260711
oral_liquid_00234,ind_unknown,tfda_open_data_info37_cached_20260711
oral_liquid_00235,ind_unknown,tfda_open_data_info37_cached_20260711
oral_liquid_00236,ind_unknown,tfda_open_data_info37_cached_20260711
oral_liquid_00237,ind_unknown,tfda_open_data_info37_cached_20260711
oral_liquid_00238,ind_unknown,tfda_open_data_info37_cached_20260711
oral_liquid_00239,ind_unknown,tfda_open_data_info37_cached_20260711
oral_liquid_00240,ind_unknown,tfda_open_data_info37_cached_20260711
oral_liquid_00241,ind_unknown,tfda_open_data_info37_cached_20260711
oral_liquid_00242,ind_unknown,tfda_open_data_info37_cached_20260711
oral_liquid_00243,ind_unknown,tfda_open_data_info37_cached_20260711
oral_liquid_00244,ind_unknown,tfda_open_data_info37_cached_20260711
oral_liquid_00245,ind_unknown,tfda_open_data_info37_cached_20260711
oral_liquid_00246,ind_unknown,tfda_open_data_info37_cached_20260711
oral_liquid_00247,ind_unknown,tfda_open_data_info37_cached_20260711
oral_liquid_00248,ind_unknown,tfda_open_data_info37_cached_20260711
oral_liquid_00249,ind_unknown,tfda_open_data_info37_cached_20260711
oral_liquid_00250,ind_meniere_s,tfda_open_data_info37_cached_20260711
oral_liquid_00251,ind_unknown,tfda_open_data_info37_cached_20260711
oral_liquid_00252,ind_unknown,tfda_open_data_info37_cached_20260711
oral_liquid_00253,ind_unknown,tfda_open_data_info37_cached_20260711
oral_liquid_00254,ind_unknown,tfda_open_data_info37_cached_20260711
oral_liquid_00255,ind_unknown,tfda_open_data_info37_cached_20260711
oral_liquid_00256,ind_unknown,tfda_open_data_info37_cached_20260711
oral_liquid_00257,ind_unknown,tfda_open_data_info37_cached_20260711
oral_liquid_00258,ind_unknown,tfda_open_data_info37_cached_20260711
oral_liquid_00259,ind_unknown,tfda_open_data_info37_cached_20260711
oral_liquid_00260,ind_unknown,tfda_open_data_info37_cached_20260711
oral_liquid_00261,ind_unknown,tfda_open_data_info37_cached_20260711
oral_liquid_00262,ind_fibromyalgia,tfda_open_data_info37_cached_20260711
oral_liquid_00263,ind_unknown,tfda_open_data_info37_cached_20260711
oral_liquid_00264,ind_unknown,tfda_open_data_info37_cached_20260711
oral_liquid_00265,ind_unknown,tfda_open_data_info37_cached_20260711
oral_liquid_00266,ind_unknown,tfda_open_data_info37_cached_20260711
oral_liquid_00267,ind_unknown,tfda_open_data_info37_cached_20260711
oral_liquid_00268,ind_unknown,tfda_open_data_info37_cached_20260711
oral_liquid_00269,ind_unknown,tfda_open_data_info37_cached_20260711
oral_liquid_00270,ind_unknown,tfda_open_data_info37_cached_20260711
oral_liquid_00271,ind_unknown,tfda_open_data_info37_cached_20260711
oral_liquid_00272,ind_unknown,tfda_open_data_info37_cached_20260711
oral_liquid_00273,ind_unknown,tfda_open_data_info37_cached_20260711
oral_liquid_00274,ind_unknown,tfda_open_data_info37_cached_20260711
oral_liquid_00275,ind_unknown,tfda_open_data_info37_cached_20260711
oral_liquid_00276,ind_unknown,tfda_open_data_info37_cached_20260711
oral_liquid_00277,ind_unknown,tfda_open_data_info37_cached_20260711
oral_liquid_00278,ind_unknown,tfda_open_data_info37_cached_20260711
oral_liquid_00279,ind_unknown,tfda_open_data_info37_cached_20260711
oral_liquid_00280,ind_unknown,tfda_open_data_info37_cached_20260711
oral_liquid_00281,ind_unknown,tfda_open_data_info37_cached_20260711
oral_liquid_00282,ind_unknown,tfda_open_data_info37_cached_20260711
oral_liquid_00283,ind_unknown,tfda_open_data_info37_cached_20260711
oral_liquid_00284,ind_unknown,tfda_open_data_info37_cached_20260711
oral_liquid_00285,ind_unknown,tfda_open_data_info37_cached_20260711
oral_liquid_00286,ind_unknown,tfda_open_data_info37_cached_20260711
oral_liquid_00287,ind_unknown,tfda_open_data_info37_cached_20260711
oral_liquid_00288,ind_unknown,tfda_open_data_info37_cached_20260711
oral_liquid_00289,ind_unknown,tfda_open_data_info37_cached_20260711
oral_liquid_00290,ind_unknown,tfda_open_data_info37_cached_20260711
oral_liquid_00291,ind_unknown,tfda_open_data_info37_cached_20260711
oral_liquid_00292,ind_unknown,tfda_open_data_info37_cached_20260711
oral_liquid_00293,ind_unknown,tfda_open_data_info37_cached_20260711
oral_liquid_00294,ind_unknown,tfda_open_data_info37_cached_20260711
oral_liquid_00295,ind_unknown,tfda_open_data_info37_cached_20260711
oral_liquid_00296,ind_unknown,tfda_open_data_info37_cached_20260711
oral_liquid_00297,ind_unknown,tfda_open_data_info37_cached_20260711
oral_liquid_00298,ind_unknown,tfda_open_data_info37_cached_20260711
oral_liquid_00299,ind_unknown,tfda_open_data_info37_cached_20260711
oral_liquid_00300,ind_unknown,tfda_open_data_info37_cached_20260711
oral_liquid_00301,ind_unknown,tfda_open_data_info37_cached_20260711
oral_liquid_00302,ind_unknown,tfda_open_data_info37_cached_20260711
oral_liquid_00303,ind_1_13_17_2_3_10_17_valproate_4_valproate_5_6_6_17_7,tfda_open_data_info37_cached_20260711
oral_liquid_00304,ind_non_painful_procedure,tfda_open_data_info37_cached_20260711
oral_liquid_00305,ind_x_linked_hypophosphatemic_rickets,tfda_open_data_info37_cached_20260711
oral_liquid_00306,ind_unknown,tfda_open_data_info37_cached_20260711
oral_liquid_00307,ind_2_pcjia_methotrexate_dmards_xeljanz_dmards_azathioprine_cyclosporine,tfda_open_data_info37_cached_20260711
oral_liquid_00308,ind_d,tfda_open_data_info37_cached_20260711
oral_liquid_00309,ind_unknown,tfda_open_data_info37_cached_20260711
oral_liquid_00310,ind_unknown,tfda_open_data_info37_cached_20260711
oral_liquid_00311,ind_unknown,tfda_open_data_info37_cached_20260711
oral_liquid_00312,ind_unknown,tfda_open_data_info37_cached_20260711
oral_liquid_00313,ind_unknown,tfda_open_data_info37_cached_20260711
oral_liquid_00314,ind_unknown,tfda_open_data_info37_cached_20260711
oral_liquid_00315,ind_unknown,tfda_open_data_info37_cached_20260711
oral_liquid_00316,ind_unknown,tfda_open_data_info37_cached_20260711
oral_liquid_00317,ind_unknown,tfda_open_data_info37_cached_20260711
oral_liquid_00318,ind_unknown,tfda_open_data_info37_cached_20260711
oral_liquid_00319,ind_unknown,tfda_open_data_info37_cached_20260711
oral_liquid_00320,ind_unknown,tfda_open_data_info37_cached_20260711
oral_liquid_00321,ind_unknown,tfda_open_data_info37_cached_20260711
oral_liquid_00322,ind_unknown,tfda_open_data_info37_cached_20260711
oral_liquid_00323,ind_unknown,tfda_open_data_info37_cached_20260711
oral_liquid_00324,ind_unknown,tfda_open_data_info37_cached_20260711
oral_liquid_00325,ind_unknown,tfda_open_data_info37_cached_20260711
oral_liquid_00326,ind_unknown,tfda_open_data_info37_cached_20260711
oral_liquid_00327,ind_unknown,tfda_open_data_info37_cached_20260711
oral_liquid_00328,ind_unknown,tfda_open_data_info37_cached_20260711
oral_liquid_00329,ind_unknown,tfda_open_data_info37_cached_20260711
oral_liquid_00330,ind_unknown,tfda_open_data_info37_cached_20260711
oral_liquid_00331,ind_unknown,tfda_open_data_info37_cached_20260711
oral_liquid_00332,ind_unknown,tfda_open_data_info37_cached_20260711
oral_liquid_00333,ind_unknown,tfda_open_data_info37_cached_20260711
oral_liquid_00334,ind_unknown,tfda_open_data_info37_cached_20260711
oral_liquid_00335,ind_unknown,tfda_open_data_info37_cached_20260711
oral_liquid_00336,ind_unknown,tfda_open_data_info37_cached_20260711
oral_liquid_00337,ind_unknown,tfda_open_data_info37_cached_20260711
oral_liquid_00338,ind_unknown,tfda_open_data_info37_cached_20260711
oral_liquid_00339,ind_unknown,tfda_open_data_info37_cached_20260711
oral_liquid_00340,ind_unknown,tfda_open_data_info37_cached_20260711
oral_liquid_00341,ind_unknown,tfda_open_data_info37_cached_20260711
oral_liquid_00342,ind_unknown,tfda_open_data_info37_cached_20260711
oral_liquid_00343,ind_unknown,tfda_open_data_info37_cached_20260711
oral_liquid_00344,ind_unknown,tfda_open_data_info37_cached_20260711
oral_liquid_00345,ind_unknown,tfda_open_data_info37_cached_20260711
oral_liquid_00346,ind_unknown,tfda_open_data_info37_cached_20260711
oral_liquid_00347,ind_unknown,tfda_open_data_info37_cached_20260711
oral_liquid_00348,ind_unknown,tfda_open_data_info37_cached_20260711
oral_liquid_00349,ind_unknown,tfda_open_data_info37_cached_20260711
oral_liquid_00350,ind_unknown,tfda_open_data_info37_cached_20260711
oral_liquid_00351,ind_hiv,tfda_open_data_info37_cached_20260711
oral_liquid_00352,ind_unknown,tfda_open_data_info37_cached_20260711
oral_liquid_00353,ind_unknown,tfda_open_data_info37_cached_20260711
oral_liquid_00354,ind_unknown,tfda_open_data_info37_cached_20260711
oral_liquid_00355,ind_unknown,tfda_open_data_info37_cached_20260711
oral_liquid_00356,ind_sma_smn2_1_3_sma,tfda_open_data_info37_cached_20260711
oral_liquid_00357,ind_1_alagille_syndrome_algs_2_progressive_familial_intrahepatic_cholestasis_pfic_livmarli_pfic_abcb11_bsep_3,tfda_open_data_info37_cached_20260711
oral_liquid_00358,ind_dravet_dravet_syndrome_ds_tuberous_sclerosis_complex_tsc,tfda_open_data_info37_cached_20260711
oral_liquid_00359,ind_urea_cycle_disorders_ucds_carbamoyl_phosphate_synthetase_cps_i_ornithine_carbamoyltransferase_otc_argininosuccinate_synthetase_ass_argininosuccinate_lyase_asl_arginase_arg_i_ornithine_translocase_hyperornithinaemia_hyperammonaemia_homocitrullinuria_syndrome_hhh_arginine_citrulline_acute_hyperammonemia,tfda_open_data_info37_cached_20260711
oral_liquid_00360,ind_2_dravet_syndrome,tfda_open_data_info37_cached_20260711
oral_liquid_00361,ind_unknown,tfda_open_data_info37_cached_20260711
oral_liquid_00362,ind_unknown,tfda_open_data_info37_cached_20260711
oral_liquid_00363,ind_unknown,tfda_open_data_info37_cached_20260711
oral_liquid_00364,ind_unknown,tfda_open_data_info37_cached_20260711
oral_liquid_00365,ind_unknown,tfda_open_data_info37_cached_20260711
oral_liquid_00366,ind_unknown,tfda_open_data_info37_cached_20260711
oral_liquid_00367,ind_unknown,tfda_open_data_info37_cached_20260711
oral_liquid_00368,ind_unknown,tfda_open_data_info37_cached_20260711
oral_liquid_00369,ind_unknown,tfda_open_data_info37_cached_20260711
oral_liquid_00370,ind_unknown,tfda_open_data_info37_cached_20260711
oral_liquid_00371,ind_unknown,tfda_open_data_info37_cached_20260711
oral_liquid_00372,ind_unknown,tfda_open_data_info37_cached_20260711
oral_liquid_00373,ind_unknown,tfda_open_data_info37_cached_20260711
oral_liquid_00374,ind_unknown,tfda_open_data_info37_cached_20260711
oral_liquid_00375,ind_unknown,tfda_open_data_info37_cached_20260711
oral_liquid_00376,ind_unknown,tfda_open_data_info37_cached_20260711
oral_liquid_00377,ind_unknown,tfda_open_data_info37_cached_20260711
oral_liquid_00378,ind_unknown,tfda_open_data_info37_cached_20260711
oral_liquid_00379,ind_unknown,tfda_open_data_info37_cached_20260711
oral_liquid_00380,ind_unknown,tfda_open_data_info37_cached_20260711
oral_liquid_00381,ind_unknown,tfda_open_data_info37_cached_20260711
oral_liquid_00382,ind_unknown,tfda_open_data_info37_cached_20260711
oral_liquid_00383,ind_unknown,tfda_open_data_info37_cached_20260711
oral_liquid_00384,ind_unknown,tfda_open_data_info37_cached_20260711
oral_liquid_00385,ind_unknown,tfda_open_data_info37_cached_20260711
oral_liquid_00386,ind_unknown,tfda_open_data_info37_cached_20260711
oral_liquid_00387,ind_unknown,tfda_open_data_info37_cached_20260711
oral_liquid_00388,ind_unknown,tfda_open_data_info37_cached_20260711
oral_liquid_00389,ind_unknown,tfda_open_data_info37_cached_20260711
oral_liquid_00390,ind_unknown,tfda_open_data_info37_cached_20260711
oral_liquid_00391,ind_unknown,tfda_open_data_info37_cached_20260711
oral_liquid_00392,ind_unknown,tfda_open_data_info37_cached_20260711
oral_liquid_00393,ind_unknown,tfda_open_data_info37_cached_20260711
oral_liquid_00394,ind_unknown,tfda_open_data_info37_cached_20260711
oral_liquid_00395,ind_unknown,tfda_open_data_info37_cached_20260711
oral_liquid_00396,ind_unknown,tfda_open_data_info37_cached_20260711
oral_liquid_00397,ind_unknown,tfda_open_data_info37_cached_20260711
oral_liquid_00398,ind_unknown,tfda_open_data_info37_cached_20260711
oral_liquid_00399,ind_unknown,tfda_open_data_info37_cached_20260711
oral_liquid_00400,ind_unknown,tfda_open_data_info37_cached_20260711
oral_liquid_00401,ind_unknown,tfda_open_data_info37_cached_20260711
oral_liquid_00402,ind_unknown,tfda_open_data_info37_cached_20260711
oral_liquid_00403,ind_unknown,tfda_open_data_info37_cached_20260711
oral_liquid_00404,ind_unknown,tfda_open_data_info37_cached_20260711
oral_liquid_00405,ind_unknown,tfda_open_data_info37_cached_20260711
oral_liquid_00406,ind_unknown,tfda_open_data_info37_cached_20260711
oral_liquid_00407,ind_unknown,tfda_open_data_info37_cached_20260711
oral_liquid_00408,ind_unknown,tfda_open_data_info37_cached_20260711
oral_liquid_00409,ind_unknown,tfda_open_data_info37_cached_20260711
oral_liquid_00410,ind_unknown,tfda_open_data_info37_cached_20260711
oral_liquid_00411,ind_unknown,tfda_open_data_info37_cached_20260711
oral_liquid_00412,ind_unknown,tfda_open_data_info37_cached_20260711
oral_liquid_00413,ind_unknown,tfda_open_data_info37_cached_20260711
oral_liquid_00414,ind_unknown,tfda_open_data_info37_cached_20260711
oral_liquid_00415,ind_unknown,tfda_open_data_info37_cached_20260711
oral_liquid_00416,ind_unknown,tfda_open_data_info37_cached_20260711
oral_liquid_00417,ind_unknown,tfda_open_data_info37_cached_20260711
oral_liquid_00418,ind_unknown,tfda_open_data_info37_cached_20260711
oral_liquid_00419,ind_unknown,tfda_open_data_info37_cached_20260711
oral_liquid_00420,ind_unknown,tfda_open_data_info37_cached_20260711
oral_liquid_00421,ind_unknown,tfda_open_data_info37_cached_20260711
oral_liquid_00422,ind_unknown,tfda_open_data_info37_cached_20260711
oral_liquid_00423,ind_unknown,tfda_open_data_info37_cached_20260711
oral_liquid_00424,ind_unknown,tfda_open_data_info37_cached_20260711
oral_liquid_00425,ind_unknown,tfda_open_data_info37_cached_20260711
oral_liquid_00426,ind_unknown,tfda_open_data_info37_cached_20260711
oral_liquid_00427,ind_unknown,tfda_open_data_info37_cached_20260711
oral_liquid_00428,ind_unknown,tfda_open_data_info37_cached_20260711
oral_liquid_00429,ind_unknown,tfda_open_data_info37_cached_20260711
oral_liquid_00430,ind_unknown,tfda_open_data_info37_cached_20260711
oral_liquid_00431,ind_unknown,tfda_open_data_info37_cached_20260711
oral_liquid_00432,ind_unknown,tfda_open_data_info37_cached_20260711
oral_liquid_00433,ind_unknown,tfda_open_data_info37_cached_20260711
oral_liquid_00434,ind_unknown,tfda_open_data_info37_cached_20260711
oral_liquid_00435,ind_unknown,tfda_open_data_info37_cached_20260711
oral_liquid_00436,ind_unknown,tfda_open_data_info37_cached_20260711
oral_liquid_00437,ind_x,tfda_open_data_info37_cached_20260711
oral_liquid_00438,ind_unknown,tfda_open_data_info37_cached_20260711
oral_liquid_00439,ind_unknown,tfda_open_data_info37_cached_20260711
oral_liquid_00440,ind_unknown,tfda_open_data_info37_cached_20260711
oral_liquid_00441,ind_unknown,tfda_open_data_info37_cached_20260711
oral_liquid_00442,ind_unknown,tfda_open_data_info37_cached_20260711
oral_liquid_00443,ind_unknown,tfda_open_data_info37_cached_20260711
oral_liquid_00444,ind_unknown,tfda_open_data_info37_cached_20260711
oral_liquid_00445,ind_unknown,tfda_open_data_info37_cached_20260711
oral_liquid_00446,ind_unknown,tfda_open_data_info37_cached_20260711
oral_liquid_00447,ind_unknown,tfda_open_data_info37_cached_20260711
oral_liquid_00448,ind_unknown,tfda_open_data_info37_cached_20260711
oral_liquid_00449,ind_unknown,tfda_open_data_info37_cached_20260711
oral_liquid_00450,ind_unknown,tfda_open_data_info37_cached_20260711
oral_liquid_00451,ind_unknown,tfda_open_data_info37_cached_20260711
oral_liquid_00452,ind_unknown,tfda_open_data_info37_cached_20260711
oral_liquid_00453,ind_unknown,tfda_open_data_info37_cached_20260711
oral_liquid_00454,ind_unknown,tfda_open_data_info37_cached_20260711
oral_liquid_00455,ind_unknown,tfda_open_data_info37_cached_20260711
oral_liquid_00456,ind_unknown,tfda_open_data_info37_cached_20260711
oral_liquid_00457,ind_unknown,tfda_open_data_info37_cached_20260711
oral_liquid_00458,ind_unknown,tfda_open_data_info37_cached_20260711
oral_liquid_00459,ind_unknown,tfda_open_data_info37_cached_20260711
oral_liquid_00460,ind_unknown,tfda_open_data_info37_cached_20260711
oral_liquid_00461,ind_unknown,tfda_open_data_info37_cached_20260711
oral_liquid_00462,ind_unknown,tfda_open_data_info37_cached_20260711
oral_liquid_00463,ind_unknown,tfda_open_data_info37_cached_20260711
oral_liquid_00464,ind_unknown,tfda_open_data_info37_cached_20260711
oral_liquid_00465,ind_unknown,tfda_open_data_info37_cached_20260711
oral_liquid_00466,ind_unknown,tfda_open_data_info37_cached_20260711
oral_liquid_00467,ind_unknown,tfda_open_data_info37_cached_20260711
oral_liquid_00468,ind_unknown,tfda_open_data_info37_cached_20260711
oral_liquid_00469,ind_unknown,tfda_open_data_info37_cached_20260711
oral_liquid_00470,ind_unknown,tfda_open_data_info37_cached_20260711
oral_liquid_00471,ind_unknown,tfda_open_data_info37_cached_20260711
oral_liquid_00472,ind_unknown,tfda_open_data_info37_cached_20260711
oral_liquid_00473,ind_unknown,tfda_open_data_info37_cached_20260711
oral_liquid_00474,ind_unknown,tfda_open_data_info37_cached_20260711
oral_liquid_00475,ind_unknown,tfda_open_data_info37_cached_20260711
oral_liquid_00476,ind_unknown,tfda_open_data_info37_cached_20260711
oral_liquid_00477,ind_unknown,tfda_open_data_info37_cached_20260711
oral_liquid_00478,ind_portal_systemic_encephalopathy_hepatic_precoma_hepatic_coma,tfda_open_data_info37_cached_20260711
oral_liquid_00479,ind_anhydrous_sevelamer_carbonate,tfda_open_data_info37_cached_20260711
oral_liquid_00480,ind_unknown,tfda_open_data_info37_cached_20260711
oral_liquid_00481,ind_unknown,tfda_open_data_info37_cached_20260711
oral_liquid_00482,ind_unknown,tfda_open_data_info37_cached_20260711
oral_liquid_00483,ind_unknown,tfda_open_data_info37_cached_20260711
oral_liquid_00484,ind_unknown,tfda_open_data_info37_cached_20260711
oral_liquid_00485,ind_unknown,tfda_open_data_info37_cached_20260711
oral_liquid_00486,ind_unknown,tfda_open_data_info37_cached_20260711
oral_liquid_00487,ind_unknown,tfda_open_data_info37_cached_20260711
oral_liquid_00488,ind_unknown,tfda_open_data_info37_cached_20260711
oral_liquid_00489,ind_unknown,tfda_open_data_info37_cached_20260711
oral_liquid_00490,ind_unknown,tfda_open_data_info37_cached_20260711
oral_liquid_00491,ind_unknown,tfda_open_data_info37_cached_20260711
oral_liquid_00492,ind_unknown,tfda_open_data_info37_cached_20260711
oral_liquid_00493,ind_unknown,tfda_open_data_info37_cached_20260711
oral_liquid_00494,ind_unknown,tfda_open_data_info37_cached_20260711
oral_liquid_00495,ind_unknown,tfda_open_data_info37_cached_20260711
oral_liquid_00496,ind_unknown,tfda_open_data_info37_cached_20260711
oral_liquid_00497,ind_unknown,tfda_open_data_info37_cached_20260711
oral_liquid_00498,ind_unknown,tfda_open_data_info37_cached_20260711
oral_liquid_00499,ind_unknown,tfda_open_data_info37_cached_20260711
oral_liquid_00500,ind_unknown,tfda_open_data_info37_cached_20260711
oral_liquid_00501,ind_unknown,tfda_open_data_info37_cached_20260711
oral_liquid_00502,ind_unknown,tfda_open_data_info37_cached_20260711
oral_liquid_00503,ind_unknown,tfda_open_data_info37_cached_20260711
oral_liquid_00504,ind_2_1,tfda_open_data_info37_cached_20260711
oral_liquid_00505,ind_unknown,tfda_open_data_info37_cached_20260711
oral_liquid_00506,ind_unknown,tfda_open_data_info37_cached_20260711
oral_liquid_00507,ind_unknown,tfda_open_data_info37_cached_20260711
oral_liquid_00508,ind_unknown,tfda_open_data_info37_cached_20260711
oral_liquid_00509,ind_unknown,tfda_open_data_info37_cached_20260711
oral_liquid_00510,ind_unknown,tfda_open_data_info37_cached_20260711
oral_liquid_00511,ind_unknown,tfda_open_data_info37_cached_20260711
oral_liquid_00512,ind_unknown,tfda_open_data_info37_cached_20260711
oral_liquid_00513,ind_unknown,tfda_open_data_info37_cached_20260711
oral_liquid_00514,ind_unknown,tfda_open_data_info37_cached_20260711
oral_liquid_00515,ind_unknown,tfda_open_data_info37_cached_20260711
oral_liquid_00516,ind_unknown,tfda_open_data_info37_cached_20260711
oral_liquid_00517,ind_unknown,tfda_open_data_info37_cached_20260711
oral_liquid_00518,ind_unknown,tfda_open_data_info37_cached_20260711
oral_liquid_00519,ind_unknown,tfda_open_data_info37_cached_20260711
oral_liquid_00520,ind_unknown,tfda_open_data_info37_cached_20260711
oral_liquid_00521,ind_unknown,tfda_open_data_info37_cached_20260711
oral_liquid_00522,ind_unknown,tfda_open_data_info37_cached_20260711
oral_liquid_00523,ind_unknown,tfda_open_data_info37_cached_20260711
oral_liquid_00524,ind_unknown,tfda_open_data_info37_cached_20260711
oral_liquid_00525,ind_unknown,tfda_open_data_info37_cached_20260711
oral_liquid_00526,ind_unknown,tfda_open_data_info37_cached_20260711
oral_liquid_00527,ind_unknown,tfda_open_data_info37_cached_20260711
oral_liquid_00528,ind_unknown,tfda_open_data_info37_cached_20260711
oral_liquid_00529,ind_unknown,tfda_open_data_info37_cached_20260711
oral_liquid_00530,ind_unknown,tfda_open_data_info37_cached_20260711
oral_liquid_00531,ind_unknown,tfda_open_data_info37_cached_20260711
oral_liquid_00532,ind_unknown,tfda_open_data_info37_cached_20260711
oral_liquid_00533,ind_unknown,tfda_open_data_info37_cached_20260711
oral_liquid_00534,ind_unknown,tfda_open_data_info37_cached_20260711
oral_liquid_00535,ind_unknown,tfda_open_data_info37_cached_20260711
oral_liquid_00536,ind_unknown,tfda_open_data_info37_cached_20260711
oral_liquid_00537,ind_unknown,tfda_open_data_info37_cached_20260711
oral_liquid_00538,ind_unknown,tfda_open_data_info37_cached_20260711
oral_liquid_00539,ind_unknown,tfda_open_data_info37_cached_20260711
oral_liquid_00540,ind_unknown,tfda_open_data_info37_cached_20260711
oral_liquid_00541,ind_unknown,tfda_open_data_info37_cached_20260711
oral_liquid_00542,ind_unknown,tfda_open_data_info37_cached_20260711
oral_liquid_00543,ind_unknown,tfda_open_data_info37_cached_20260711
oral_liquid_00544,ind_unknown,tfda_open_data_info37_cached_20260711
oral_liquid_00545,ind_unknown,tfda_open_data_info37_cached_20260711
oral_liquid_00546,ind_unknown,tfda_open_data_info37_cached_20260711
oral_liquid_00547,ind_unknown,tfda_open_data_info37_cached_20260711
oral_liquid_00548,ind_unknown,tfda_open_data_info37_cached_20260711
oral_liquid_00549,ind_unknown,tfda_open_data_info37_cached_20260711
oral_liquid_00550,ind_unknown,tfda_open_data_info37_cached_20260711
oral_liquid_00551,ind_unknown,tfda_open_data_info37_cached_20260711
oral_liquid_00552,ind_unknown,tfda_open_data_info37_cached_20260711
oral_liquid_00553,ind_unknown,tfda_open_data_info37_cached_20260711
oral_liquid_00554,ind_unknown,tfda_open_data_info37_cached_20260711
oral_liquid_00555,ind_unknown,tfda_open_data_info37_cached_20260711
oral_liquid_00556,ind_unknown,tfda_open_data_info37_cached_20260711
oral_liquid_00557,ind_x,tfda_open_data_info37_cached_20260711
oral_liquid_00558,ind_x,tfda_open_data_info37_cached_20260711
oral_liquid_00559,ind_unknown,tfda_open_data_info37_cached_20260711
oral_liquid_00560,ind_unknown,tfda_open_data_info37_cached_20260711
oral_liquid_00561,ind_unknown,tfda_open_data_info37_cached_20260711
oral_liquid_00562,ind_unknown,tfda_open_data_info37_cached_20260711
oral_liquid_00563,ind_unknown,tfda_open_data_info37_cached_20260711
oral_liquid_00564,ind_unknown,tfda_open_data_info37_cached_20260711
oral_liquid_00565,ind_unknown,tfda_open_data_info37_cached_20260711
oral_liquid_00566,ind_unknown,tfda_open_data_info37_cached_20260711
oral_liquid_00567,ind_unknown,tfda_open_data_info37_cached_20260711
oral_liquid_00568,ind_amyotrophic_laterl_sclerosis_als,tfda_open_data_info37_cached_20260711
oral_liquid_00569,ind_unknown,tfda_open_data_info37_cached_20260711
oral_liquid_00570,ind_unknown,tfda_open_data_info37_cached_20260711
oral_liquid_00571,ind_unknown,tfda_open_data_info37_cached_20260711
oral_liquid_00572,ind_unknown,tfda_open_data_info37_cached_20260711
oral_liquid_00573,ind_unknown,tfda_open_data_info37_cached_20260711
oral_liquid_00574,ind_unknown,tfda_open_data_info37_cached_20260711
oral_liquid_00575,ind_unknown,tfda_open_data_info37_cached_20260711
oral_liquid_00576,ind_unknown,tfda_open_data_info37_cached_20260711
oral_liquid_00577,ind_unknown,tfda_open_data_info37_cached_20260711
oral_liquid_00578,ind_unknown,tfda_open_data_info37_cached_20260711
oral_liquid_00579,ind_unknown,tfda_open_data_info37_cached_20260711
oral_liquid_00580,ind_unknown,tfda_open_data_info37_cached_20260711
oral_liquid_00581,ind_unknown,tfda_open_data_info37_cached_20260711
oral_liquid_00582,ind_unknown,tfda_open_data_info37_cached_20260711
oral_liquid_00583,ind_unknown,tfda_open_data_info37_cached_20260711
oral_liquid_00584,ind_unknown,tfda_open_data_info37_cached_20260711
oral_liquid_00585,ind_unknown,tfda_open_data_info37_cached_20260711
oral_liquid_00586,ind_unknown,tfda_open_data_info37_cached_20260711
oral_liquid_00587,ind_unknown,tfda_open_data_info37_cached_20260711
oral_liquid_00588,ind_unknown,tfda_open_data_info37_cached_20260711
oral_liquid_00589,ind_unknown,tfda_open_data_info37_cached_20260711
oral_liquid_00590,ind_unknown,tfda_open_data_info37_cached_20260711
oral_liquid_00591,ind_unknown,tfda_open_data_info37_cached_20260711
oral_liquid_00592,ind_unknown,tfda_open_data_info37_cached_20260711
oral_liquid_00593,ind_unknown,tfda_open_data_info37_cached_20260711
oral_liquid_00594,ind_unknown,tfda_open_data_info37_cached_20260711
oral_liquid_00595,ind_unknown,tfda_open_data_info37_cached_20260711
oral_liquid_00596,ind_unknown,tfda_open_data_info37_cached_20260711
oral_liquid_00597,ind_unknown,tfda_open_data_info37_cached_20260711
oral_liquid_00598,ind_unknown,tfda_open_data_info37_cached_20260711
oral_liquid_00599,ind_unknown,tfda_open_data_info37_cached_20260711
oral_liquid_00600,ind_unknown,tfda_open_data_info37_cached_20260711
oral_liquid_00601,ind_unknown,tfda_open_data_info37_cached_20260711
oral_liquid_00602,ind_unknown,tfda_open_data_info37_cached_20260711
oral_liquid_00603,ind_unknown,tfda_open_data_info37_cached_20260711
oral_liquid_00604,ind_unknown,tfda_open_data_info37_cached_20260711
oral_liquid_00605,ind_unknown,tfda_open_data_info37_cached_20260711
oral_liquid_00606,ind_unknown,tfda_open_data_info37_cached_20260711
oral_liquid_00607,ind_unknown,tfda_open_data_info37_cached_20260711
oral_liquid_00608,ind_unknown,tfda_open_data_info37_cached_20260711
oral_liquid_00609,ind_unknown,tfda_open_data_info37_cached_20260711
oral_liquid_00610,ind_unknown,tfda_open_data_info37_cached_20260711
oral_liquid_00611,ind_unknown,tfda_open_data_info37_cached_20260711
oral_liquid_00612,ind_1_2_1_complex_partial_seizure_2_simple_or_complex_partial_seizure_with_secondary_generalization_add_on_therapy,tfda_open_data_info37_cached_20260711
oral_liquid_00613,ind_unknown,tfda_open_data_info37_cached_20260711
oral_liquid_00614,ind_unknown,tfda_open_data_info37_cached_20260711
oral_liquid_00615,ind_unknown,tfda_open_data_info37_cached_20260711
oral_liquid_00616,ind_unknown,tfda_open_data_info37_cached_20260711
oral_liquid_00617,ind_unknown,tfda_open_data_info37_cached_20260711
oral_liquid_00618,ind_unknown,tfda_open_data_info37_cached_20260711
oral_liquid_00619,ind_unknown,tfda_open_data_info37_cached_20260711
oral_liquid_00620,ind_unknown,tfda_open_data_info37_cached_20260711
oral_liquid_00621,ind_unknown,tfda_open_data_info37_cached_20260711
oral_liquid_00622,ind_unknown,tfda_open_data_info37_cached_20260711
oral_liquid_00623,ind_unknown,tfda_open_data_info37_cached_20260711
oral_liquid_00624,ind_unknown,tfda_open_data_info37_cached_20260711
oral_liquid_00625,ind_unknown,tfda_open_data_info37_cached_20260711
oral_liquid_00626,ind_unknown,tfda_open_data_info37_cached_20260711
oral_liquid_00627,ind_unknown,tfda_open_data_info37_cached_20260711
oral_liquid_00628,ind_unknown,tfda_open_data_info37_cached_20260711
oral_liquid_00629,ind_unknown,tfda_open_data_info37_cached_20260711
oral_liquid_00630,ind_unknown,tfda_open_data_info37_cached_20260711
oral_liquid_00631,ind_unknown,tfda_open_data_info37_cached_20260711
oral_liquid_00632,ind_unknown,tfda_open_data_info37_cached_20260711
oral_liquid_00633,ind_unknown,tfda_open_data_info37_cached_20260711
oral_liquid_00634,ind_unknown,tfda_open_data_info37_cached_20260711
oral_liquid_00635,ind_unknown,tfda_open_data_info37_cached_20260711
oral_liquid_00636,ind_unknown,tfda_open_data_info37_cached_20260711
oral_liquid_00637,ind_unknown,tfda_open_data_info37_cached_20260711
oral_liquid_00638,ind_unknown,tfda_open_data_info37_cached_20260711
oral_liquid_00639,ind_unknown,tfda_open_data_info37_cached_20260711
oral_liquid_00640,ind_unknown,tfda_open_data_info37_cached_20260711
oral_liquid_00641,ind_unknown,tfda_open_data_info37_cached_20260711
oral_liquid_00642,ind_unknown,tfda_open_data_info37_cached_20260711
oral_liquid_00643,ind_unknown,tfda_open_data_info37_cached_20260711
oral_liquid_00644,ind_unknown,tfda_open_data_info37_cached_20260711
oral_liquid_00645,ind_unknown,tfda_open_data_info37_cached_20260711
oral_liquid_00646,ind_unknown,tfda_open_data_info37_cached_20260711
oral_liquid_00647,ind_unknown,tfda_open_data_info37_cached_20260711
oral_liquid_00648,ind_unknown,tfda_open_data_info37_cached_20260711
oral_liquid_00649,ind_unknown,tfda_open_data_info37_cached_20260711
oral_liquid_00650,ind_unknown,tfda_open_data_info37_cached_20260711
oral_liquid_00651,ind_unknown,tfda_open_data_info37_cached_20260711
oral_liquid_00652,ind_unknown,tfda_open_data_info37_cached_20260711
oral_liquid_00653,ind_unknown,tfda_open_data_info37_cached_20260711
oral_liquid_00654,ind_unknown,tfda_open_data_info37_cached_20260711
oral_liquid_00655,ind_unknown,tfda_open_data_info37_cached_20260711
oral_liquid_00656,ind_unknown,tfda_open_data_info37_cached_20260711
oral_liquid_00657,ind_unknown,tfda_open_data_info37_cached_20260711
oral_liquid_00658,ind_unknown,tfda_open_data_info37_cached_20260711
oral_liquid_00659,ind_unknown,tfda_open_data_info37_cached_20260711
oral_liquid_00660,ind_unknown,tfda_open_data_info37_cached_20260711
oral_liquid_00661,ind_unknown,tfda_open_data_info37_cached_20260711
oral_liquid_00662,ind_unknown,tfda_open_data_info37_cached_20260711
oral_liquid_00663,ind_unknown,tfda_open_data_info37_cached_20260711
oral_liquid_00664,ind_2,tfda_open_data_info37_cached_20260711
oral_liquid_00665,ind_unknown,tfda_open_data_info37_cached_20260711
oral_liquid_00666,ind_a_d,tfda_open_data_info37_cached_20260711
oral_liquid_00667,ind_unknown,tfda_open_data_info37_cached_20260711
oral_liquid_00668,ind_unknown,tfda_open_data_info37_cached_20260711
oral_liquid_00669,ind_unknown,tfda_open_data_info37_cached_20260711
oral_liquid_00670,ind_unknown,tfda_open_data_info37_cached_20260711
oral_liquid_00671,ind_unknown,tfda_open_data_info37_cached_20260711
oral_liquid_00672,ind_unknown,tfda_open_data_info37_cached_20260711
oral_liquid_00673,ind_unknown,tfda_open_data_info37_cached_20260711
oral_liquid_00674,ind_unknown,tfda_open_data_info37_cached_20260711
oral_liquid_00675,ind_unknown,tfda_open_data_info37_cached_20260711
oral_liquid_00676,ind_unknown,tfda_open_data_info37_cached_20260711
oral_liquid_00677,ind_unknown,tfda_open_data_info37_cached_20260711
oral_liquid_00678,ind_unknown,tfda_open_data_info37_cached_20260711
oral_liquid_00679,ind_unknown,tfda_open_data_info37_cached_20260711
oral_liquid_00680,ind_unknown,tfda_open_data_info37_cached_20260711
oral_liquid_00681,ind_unknown,tfda_open_data_info37_cached_20260711
oral_liquid_00682,ind_unknown,tfda_open_data_info37_cached_20260711
oral_liquid_00683,ind_unknown,tfda_open_data_info37_cached_20260711
oral_liquid_00684,ind_unknown,tfda_open_data_info37_cached_20260711
oral_liquid_00685,ind_unknown,tfda_open_data_info37_cached_20260711
oral_liquid_00686,ind_unknown,tfda_open_data_info37_cached_20260711
oral_liquid_00687,ind_unknown,tfda_open_data_info37_cached_20260711
oral_liquid_00688,ind_unknown,tfda_open_data_info37_cached_20260711
oral_liquid_00689,ind_unknown,tfda_open_data_info37_cached_20260711
oral_liquid_00690,ind_unknown,tfda_open_data_info37_cached_20260711
oral_liquid_00691,ind_unknown,tfda_open_data_info37_cached_20260711
oral_liquid_00692,ind_unknown,tfda_open_data_info37_cached_20260711
oral_liquid_00693,ind_unknown,tfda_open_data_info37_cached_20260711
oral_liquid_00694,ind_unknown,tfda_open_data_info37_cached_20260711
oral_liquid_00695,ind_unknown,tfda_open_data_info37_cached_20260711
oral_liquid_00696,ind_1_2,tfda_open_data_info37_cached_20260711
oral_liquid_00697,ind_unknown,tfda_open_data_info37_cached_20260711
oral_liquid_00698,ind_unknown,tfda_open_data_info37_cached_20260711
oral_liquid_00699,ind_unknown,tfda_open_data_info37_cached_20260711
oral_liquid_00700,ind_unknown,tfda_open_data_info37_cached_20260711
oral_liquid_00701,ind_unknown,tfda_open_data_info37_cached_20260711
oral_liquid_00702,ind_unknown,tfda_open_data_info37_cached_20260711
oral_liquid_00703,ind_unknown,tfda_open_data_info37_cached_20260711
oral_liquid_00704,ind_unknown,tfda_open_data_info37_cached_20260711
oral_liquid_00705,ind_unknown,tfda_open_data_info37_cached_20260711
oral_liquid_00706,ind_unknown,tfda_open_data_info37_cached_20260711
oral_liquid_00707,ind_unknown,tfda_open_data_info37_cached_20260711
oral_liquid_00708,ind_unknown,tfda_open_data_info37_cached_20260711
oral_liquid_00709,ind_unknown,tfda_open_data_info37_cached_20260711
oral_liquid_00710,ind_unknown,tfda_open_data_info37_cached_20260711
oral_liquid_00711,ind_unknown,tfda_open_data_info37_cached_20260711
oral_liquid_00712,ind_unknown,tfda_open_data_info37_cached_20260711
oral_liquid_00713,ind_unknown,tfda_open_data_info37_cached_20260711
oral_liquid_00714,ind_unknown,tfda_open_data_info37_cached_20260711
oral_liquid_00715,ind_unknown,tfda_open_data_info37_cached_20260711
oral_liquid_00716,ind_unknown,tfda_open_data_info37_cached_20260711
oral_liquid_00717,ind_unknown,tfda_open_data_info37_cached_20260711
oral_liquid_00718,ind_unknown,tfda_open_data_info37_cached_20260711
oral_liquid_00719,ind_unknown,tfda_open_data_info37_cached_20260711
oral_liquid_00720,ind_unknown,tfda_open_data_info37_cached_20260711
oral_liquid_00721,ind_unknown,tfda_open_data_info37_cached_20260711
oral_liquid_00722,ind_unknown,tfda_open_data_info37_cached_20260711
oral_liquid_00723,ind_unknown,tfda_open_data_info37_cached_20260711
oral_liquid_00724,ind_unknown,tfda_open_data_info37_cached_20260711
oral_liquid_00725,ind_unknown,tfda_open_data_info37_cached_20260711
oral_liquid_00726,ind_unknown,tfda_open_data_info37_cached_20260711
oral_liquid_00727,ind_unknown,tfda_open_data_info37_cached_20260711
oral_liquid_00728,ind_unknown,tfda_open_data_info37_cached_20260711
oral_liquid_00729,ind_unknown,tfda_open_data_info37_cached_20260711
oral_liquid_00730,ind_unknown,tfda_open_data_info37_cached_20260711
oral_liquid_00731,ind_unknown,tfda_open_data_info37_cached_20260711
oral_liquid_00732,ind_unknown,tfda_open_data_info37_cached_20260711
oral_liquid_00733,ind_unknown,tfda_open_data_info37_cached_20260711
oral_liquid_00734,ind_unknown,tfda_open_data_info37_cached_20260711
oral_liquid_00735,ind_unknown,tfda_open_data_info37_cached_20260711
oral_liquid_00736,ind_unknown,tfda_open_data_info37_cached_20260711
oral_liquid_00737,ind_unknown,tfda_open_data_info37_cached_20260711
oral_liquid_00738,ind_unknown,tfda_open_data_info37_cached_20260711
oral_liquid_00739,ind_unknown,tfda_open_data_info37_cached_20260711
oral_liquid_00740,ind_unknown,tfda_open_data_info37_cached_20260711
oral_liquid_00741,ind_unknown,tfda_open_data_info37_cached_20260711
oral_liquid_00742,ind_unknown,tfda_open_data_info37_cached_20260711
oral_liquid_00743,ind_unknown,tfda_open_data_info37_cached_20260711
oral_liquid_00744,ind_unknown,tfda_open_data_info37_cached_20260711
oral_liquid_00745,ind_unknown,tfda_open_data_info37_cached_20260711
oral_liquid_00746,ind_unknown,tfda_open_data_info37_cached_20260711
oral_liquid_00747,ind_unknown,tfda_open_data_info37_cached_20260711
oral_liquid_00748,ind_unknown,tfda_open_data_info37_cached_20260711
oral_liquid_00749,ind_unknown,tfda_open_data_info37_cached_20260711
oral_liquid_00750,ind_unknown,tfda_open_data_info37_cached_20260711
oral_liquid_00751,ind_unknown,tfda_open_data_info37_cached_20260711
oral_liquid_00752,ind_unknown,tfda_open_data_info37_cached_20260711
oral_liquid_00753,ind_unknown,tfda_open_data_info37_cached_20260711
oral_liquid_00754,ind_unknown,tfda_open_data_info37_cached_20260711
oral_liquid_00755,ind_unknown,tfda_open_data_info37_cached_20260711
oral_liquid_00756,ind_unknown,tfda_open_data_info37_cached_20260711
oral_liquid_00757,ind_unknown,tfda_open_data_info37_cached_20260711
oral_liquid_00758,ind_unknown,tfda_open_data_info37_cached_20260711
oral_liquid_00759,ind_unknown,tfda_open_data_info37_cached_20260711
oral_liquid_00760,ind_unknown,tfda_open_data_info37_cached_20260711
oral_liquid_00761,ind_unknown,tfda_open_data_info37_cached_20260711
oral_liquid_00762,ind_unknown,tfda_open_data_info37_cached_20260711
oral_liquid_00763,ind_unknown,tfda_open_data_info37_cached_20260711
oral_liquid_00764,ind_unknown,tfda_open_data_info37_cached_20260711
oral_liquid_00765,ind_unknown,tfda_open_data_info37_cached_20260711
oral_liquid_00766,ind_unknown,tfda_open_data_info37_cached_20260711
oral_liquid_00767,ind_unknown,tfda_open_data_info37_cached_20260711
oral_liquid_00768,ind_unknown,tfda_open_data_info37_cached_20260711
oral_liquid_00769,ind_unknown,tfda_open_data_info37_cached_20260711
oral_liquid_00770,ind_unknown,tfda_open_data_info37_cached_20260711
oral_liquid_00771,ind_unknown,tfda_open_data_info37_cached_20260711
oral_liquid_00772,ind_unknown,tfda_open_data_info37_cached_20260711
oral_liquid_00773,ind_unknown,tfda_open_data_info37_cached_20260711
oral_liquid_00774,ind_unknown,tfda_open_data_info37_cached_20260711
oral_liquid_00775,ind_unknown,tfda_open_data_info37_cached_20260711
oral_liquid_00776,ind_unknown,tfda_open_data_info37_cached_20260711
oral_liquid_00777,ind_unknown,tfda_open_data_info37_cached_20260711
oral_liquid_00778,ind_unknown,tfda_open_data_info37_cached_20260711
oral_liquid_00779,ind_unknown,tfda_open_data_info37_cached_20260711
oral_liquid_00780,ind_unknown,tfda_open_data_info37_cached_20260711
oral_liquid_00781,ind_unknown,tfda_open_data_info37_cached_20260711
oral_liquid_00782,ind_unknown,tfda_open_data_info37_cached_20260711
oral_liquid_00783,ind_unknown,tfda_open_data_info37_cached_20260711
oral_liquid_00784,ind_unknown,tfda_open_data_info37_cached_20260711
oral_liquid_00785,ind_unknown,tfda_open_data_info37_cached_20260711
oral_liquid_00786,ind_unknown,tfda_open_data_info37_cached_20260711
oral_liquid_00787,ind_x,tfda_open_data_info37_cached_20260711
oral_liquid_00788,ind_unknown,tfda_open_data_info37_cached_20260711
oral_liquid_00789,ind_unknown,tfda_open_data_info37_cached_20260711
oral_liquid_00790,ind_unknown,tfda_open_data_info37_cached_20260711
oral_liquid_00791,ind_unknown,tfda_open_data_info37_cached_20260711
oral_liquid_00792,ind_unknown,tfda_open_data_info37_cached_20260711
oral_liquid_00793,ind_unknown,tfda_open_data_info37_cached_20260711
oral_liquid_00794,ind_unknown,tfda_open_data_info37_cached_20260711
oral_liquid_00795,ind_unknown,tfda_open_data_info37_cached_20260711
oral_liquid_00796,ind_unknown,tfda_open_data_info37_cached_20260711
oral_liquid_00797,ind_unknown,tfda_open_data_info37_cached_20260711
oral_liquid_00798,ind_unknown,tfda_open_data_info37_cached_20260711
oral_liquid_00799,ind_1,tfda_open_data_info37_cached_20260711
oral_liquid_00800,ind_unknown,tfda_open_data_info37_cached_20260711
oral_liquid_00801,ind_unknown,tfda_open_data_info37_cached_20260711
oral_liquid_00802,ind_unknown,tfda_open_data_info37_cached_20260711
oral_liquid_00803,ind_unknown,tfda_open_data_info37_cached_20260711
oral_liquid_00804,ind_unknown,tfda_open_data_info37_cached_20260711
oral_liquid_00805,ind_unknown,tfda_open_data_info37_cached_20260711
oral_liquid_00806,ind_unknown,tfda_open_data_info37_cached_20260711
oral_liquid_00807,ind_unknown,tfda_open_data_info37_cached_20260711
oral_liquid_00808,ind_unknown,tfda_open_data_info37_cached_20260711
oral_liquid_00809,ind_unknown,tfda_open_data_info37_cached_20260711
oral_liquid_00810,ind_unknown,tfda_open_data_info37_cached_20260711
oral_liquid_00811,ind_unknown,tfda_open_data_info37_cached_20260711
oral_liquid_00812,ind_unknown,tfda_open_data_info37_cached_20260711
oral_liquid_00813,ind_unknown,tfda_open_data_info37_cached_20260711
oral_liquid_00814,ind_unknown,tfda_open_data_info37_cached_20260711
oral_liquid_00815,ind_unknown,tfda_open_data_info37_cached_20260711
oral_liquid_00816,ind_unknown,tfda_open_data_info37_cached_20260711
oral_liquid_00817,ind_unknown,tfda_open_data_info37_cached_20260711
oral_liquid_00818,ind_unknown,tfda_open_data_info37_cached_20260711
oral_liquid_00819,ind_unknown,tfda_open_data_info37_cached_20260711
oral_liquid_00820,ind_unknown,tfda_open_data_info37_cached_20260711
oral_liquid_00821,ind_unknown,tfda_open_data_info37_cached_20260711
oral_liquid_00822,ind_unknown,tfda_open_data_info37_cached_20260711
oral_liquid_00823,ind_unknown,tfda_open_data_info37_cached_20260711
oral_liquid_00824,ind_unknown,tfda_open_data_info37_cached_20260711
oral_liquid_00825,ind_unknown,tfda_open_data_info37_cached_20260711
oral_liquid_00826,ind_unknown,tfda_open_data_info37_cached_20260711
oral_liquid_00827,ind_unknown,tfda_open_data_info37_cached_20260711
oral_liquid_00828,ind_unknown,tfda_open_data_info37_cached_20260711
oral_liquid_00829,ind_unknown,tfda_open_data_info37_cached_20260711
oral_liquid_00830,ind_unknown,tfda_open_data_info37_cached_20260711
oral_liquid_00831,ind_unknown,tfda_open_data_info37_cached_20260711
oral_liquid_00832,ind_unknown,tfda_open_data_info37_cached_20260711
oral_liquid_00833,ind_unknown,tfda_open_data_info37_cached_20260711
oral_liquid_00834,ind_unknown,tfda_open_data_info37_cached_20260711
oral_liquid_00835,ind_unknown,tfda_open_data_info37_cached_20260711
oral_liquid_00836,ind_unknown,tfda_open_data_info37_cached_20260711
oral_liquid_00837,ind_6,tfda_open_data_info37_cached_20260711
oral_liquid_00838,ind_unknown,tfda_open_data_info37_cached_20260711
oral_liquid_00839,ind_unknown,tfda_open_data_info37_cached_20260711
oral_liquid_00840,ind_adhd,tfda_open_data_info37_cached_20260711
oral_liquid_00841,ind_unknown,tfda_open_data_info37_cached_20260711
oral_liquid_00842,ind_unknown,tfda_open_data_info37_cached_20260711
oral_liquid_00843,ind_unknown,tfda_open_data_info37_cached_20260711
oral_liquid_00844,ind_unknown,tfda_open_data_info37_cached_20260711
oral_liquid_00845,ind_unknown,tfda_open_data_info37_cached_20260711
oral_liquid_00846,ind_unknown,tfda_open_data_info37_cached_20260711
oral_liquid_00847,ind_unknown,tfda_open_data_info37_cached_20260711
oral_liquid_00848,ind_unknown,tfda_open_data_info37_cached_20260711
oral_liquid_00849,ind_unknown,tfda_open_data_info37_cached_20260711
oral_liquid_00850,ind_unknown,tfda_open_data_info37_cached_20260711
oral_liquid_00851,ind_unknown,tfda_open_data_info37_cached_20260711
oral_liquid_00852,ind_unknown,tfda_open_data_info37_cached_20260711
oral_liquid_00853,ind_unknown,tfda_open_data_info37_cached_20260711
oral_liquid_00854,ind_unknown,tfda_open_data_info37_cached_20260711
oral_liquid_00855,ind_unknown,tfda_open_data_info37_cached_20260711
oral_liquid_00856,ind_unknown,tfda_open_data_info37_cached_20260711
oral_liquid_00857,ind_unknown,tfda_open_data_info37_cached_20260711
oral_liquid_00858,ind_unknown,tfda_open_data_info37_cached_20260711
oral_liquid_00859,ind_unknown,tfda_open_data_info37_cached_20260711
oral_liquid_00860,ind_unknown,tfda_open_data_info37_cached_20260711
oral_liquid_00861,ind_unknown,tfda_open_data_info37_cached_20260711
oral_liquid_00862,ind_unknown,tfda_open_data_info37_cached_20260711
oral_liquid_00863,ind_zollinger_ellison,tfda_open_data_info37_cached_20260711
oral_liquid_00864,ind_unknown,tfda_open_data_info37_cached_20260711
oral_liquid_00865,ind_unknown,tfda_open_data_info37_cached_20260711
oral_liquid_00866,ind_unknown,tfda_open_data_info37_cached_20260711
oral_liquid_00867,ind_unknown,tfda_open_data_info37_cached_20260711
oral_liquid_00868,ind_unknown,tfda_open_data_info37_cached_20260711
oral_liquid_00869,ind_unknown,tfda_open_data_info37_cached_20260711
oral_liquid_00870,ind_unknown,tfda_open_data_info37_cached_20260711
oral_liquid_00871,ind_unknown,tfda_open_data_info37_cached_20260711
oral_liquid_00872,ind_unknown,tfda_open_data_info37_cached_20260711
oral_liquid_00873,ind_unknown,tfda_open_data_info37_cached_20260711
oral_liquid_00874,ind_unknown,tfda_open_data_info37_cached_20260711
oral_liquid_00875,ind_unknown,tfda_open_data_info37_cached_20260711
oral_liquid_00876,ind_unknown,tfda_open_data_info37_cached_20260711
oral_liquid_00877,ind_unknown,tfda_open_data_info37_cached_20260711
oral_liquid_00878,ind_unknown,tfda_open_data_info37_cached_20260711
oral_liquid_00879,ind_unknown,tfda_open_data_info37_cached_20260711
oral_liquid_00880,ind_unknown,tfda_open_data_info37_cached_20260711
oral_liquid_00881,ind_unknown,tfda_open_data_info37_cached_20260711
oral_liquid_00882,ind_unknown,tfda_open_data_info37_cached_20260711
oral_liquid_00883,ind_unknown,tfda_open_data_info37_cached_20260711
oral_liquid_00884,ind_unknown,tfda_open_data_info37_cached_20260711
oral_liquid_00885,ind_unknown,tfda_open_data_info37_cached_20260711
oral_liquid_00886,ind_unknown,tfda_open_data_info37_cached_20260711
oral_liquid_00887,ind_unknown,tfda_open_data_info37_cached_20260711
oral_liquid_00888,ind_unknown,tfda_open_data_info37_cached_20260711
oral_liquid_00889,ind_unknown,tfda_open_data_info37_cached_20260711
oral_liquid_00890,ind_unknown,tfda_open_data_info37_cached_20260711
oral_liquid_00891,ind_unknown,tfda_open_data_info37_cached_20260711
oral_liquid_00892,ind_unknown,tfda_open_data_info37_cached_20260711
oral_liquid_00893,ind_unknown,tfda_open_data_info37_cached_20260711
oral_liquid_00894,ind_unknown,tfda_open_data_info37_cached_20260711
oral_liquid_00895,ind_unknown,tfda_open_data_info37_cached_20260711
oral_liquid_00896,ind_unknown,tfda_open_data_info37_cached_20260711
oral_liquid_00897,ind_unknown,tfda_open_data_info37_cached_20260711
oral_liquid_00898,ind_unknown,tfda_open_data_info37_cached_20260711
oral_liquid_00899,ind_unknown,tfda_open_data_info37_cached_20260711
oral_liquid_00900,ind_unknown,tfda_open_data_info37_cached_20260711
oral_liquid_00901,ind_unknown,tfda_open_data_info37_cached_20260711
oral_liquid_00902,ind_unknown,tfda_open_data_info37_cached_20260711
oral_liquid_00903,ind_unknown,tfda_open_data_info37_cached_20260711
oral_liquid_00904,ind_unknown,tfda_open_data_info37_cached_20260711
oral_liquid_00905,ind_unknown,tfda_open_data_info37_cached_20260711
oral_liquid_00906,ind_unknown,tfda_open_data_info37_cached_20260711
oral_liquid_00907,ind_unknown,tfda_open_data_info37_cached_20260711
oral_liquid_00908,ind_unknown,tfda_open_data_info37_cached_20260711
oral_liquid_00909,ind_unknown,tfda_open_data_info37_cached_20260711
oral_liquid_00910,ind_unknown,tfda_open_data_info37_cached_20260711
oral_liquid_00911,ind_unknown,tfda_open_data_info37_cached_20260711
oral_liquid_00912,ind_unknown,tfda_open_data_info37_cached_20260711
oral_liquid_00913,ind_unknown,tfda_open_data_info37_cached_20260711
oral_liquid_00914,ind_unknown,tfda_open_data_info37_cached_20260711
oral_liquid_00915,ind_unknown,tfda_open_data_info37_cached_20260711
oral_liquid_00916,ind_unknown,tfda_open_data_info37_cached_20260711
oral_liquid_00917,ind_unknown,tfda_open_data_info37_cached_20260711
oral_liquid_00918,ind_unknown,tfda_open_data_info37_cached_20260711
oral_liquid_00919,ind_unknown,tfda_open_data_info37_cached_20260711
oral_liquid_00920,ind_unknown,tfda_open_data_info37_cached_20260711
oral_liquid_00921,ind_unknown,tfda_open_data_info37_cached_20260711
oral_liquid_00922,ind_unknown,tfda_open_data_info37_cached_20260711
oral_liquid_00923,ind_unknown,tfda_open_data_info37_cached_20260711
oral_liquid_00924,ind_unknown,tfda_open_data_info37_cached_20260711
oral_liquid_00925,ind_unknown,tfda_open_data_info37_cached_20260711
oral_liquid_00926,ind_unknown,tfda_open_data_info37_cached_20260711
oral_liquid_00927,ind_unknown,tfda_open_data_info37_cached_20260711
oral_liquid_00928,ind_unknown,tfda_open_data_info37_cached_20260711
oral_liquid_00929,ind_unknown,tfda_open_data_info37_cached_20260711
oral_liquid_00930,ind_unknown,tfda_open_data_info37_cached_20260711
oral_liquid_00931,ind_unknown,tfda_open_data_info37_cached_20260711
oral_liquid_00932,ind_unknown,tfda_open_data_info37_cached_20260711
oral_liquid_00933,ind_unknown,tfda_open_data_info37_cached_20260711
oral_liquid_00934,ind_unknown,tfda_open_data_info37_cached_20260711
oral_liquid_00935,ind_unknown,tfda_open_data_info37_cached_20260711
oral_liquid_00936,ind_unknown,tfda_open_data_info37_cached_20260711
oral_liquid_00937,ind_unknown,tfda_open_data_info37_cached_20260711
oral_liquid_00938,ind_unknown,tfda_open_data_info37_cached_20260711
oral_liquid_00939,ind_unknown,tfda_open_data_info37_cached_20260711
oral_liquid_00940,ind_unknown,tfda_open_data_info37_cached_20260711
oral_liquid_00941,ind_unknown,tfda_open_data_info37_cached_20260711
oral_liquid_00942,ind_unknown,tfda_open_data_info37_cached_20260711
oral_liquid_00943,ind_unknown,tfda_open_data_info37_cached_20260711
oral_liquid_00944,ind_unknown,tfda_open_data_info37_cached_20260711
oral_liquid_00945,ind_unknown,tfda_open_data_info37_cached_20260711
oral_liquid_00946,ind_unknown,tfda_open_data_info37_cached_20260711
oral_liquid_00947,ind_unknown,tfda_open_data_info37_cached_20260711
oral_liquid_00948,ind_unknown,tfda_open_data_info37_cached_20260711
oral_liquid_00949,ind_unknown,tfda_open_data_info37_cached_20260711
oral_liquid_00950,ind_unknown,tfda_open_data_info37_cached_20260711
oral_liquid_00951,ind_unknown,tfda_open_data_info37_cached_20260711
oral_liquid_00952,ind_unknown,tfda_open_data_info37_cached_20260711
oral_liquid_00953,ind_unknown,tfda_open_data_info37_cached_20260711
oral_liquid_00954,ind_unknown,tfda_open_data_info37_cached_20260711
oral_liquid_00955,ind_unknown,tfda_open_data_info37_cached_20260711
oral_liquid_00956,ind_unknown,tfda_open_data_info37_cached_20260711
oral_liquid_00957,ind_unknown,tfda_open_data_info37_cached_20260711
oral_liquid_00958,ind_unknown,tfda_open_data_info37_cached_20260711
oral_liquid_00959,ind_unknown,tfda_open_data_info37_cached_20260711
oral_liquid_00960,ind_unknown,tfda_open_data_info37_cached_20260711
oral_liquid_00961,ind_unknown,tfda_open_data_info37_cached_20260711
oral_liquid_00962,ind_unknown,tfda_open_data_info37_cached_20260711
oral_liquid_00963,ind_unknown,tfda_open_data_info37_cached_20260711
oral_liquid_00964,ind_unknown,tfda_open_data_info37_cached_20260711
oral_liquid_00965,ind_unknown,tfda_open_data_info37_cached_20260711
oral_liquid_00966,ind_unknown,tfda_open_data_info37_cached_20260711
oral_liquid_00967,ind_unknown,tfda_open_data_info37_cached_20260711
oral_liquid_00968,ind_unknown,tfda_open_data_info37_cached_20260711
oral_liquid_00969,ind_unknown,tfda_open_data_info37_cached_20260711
oral_liquid_00970,ind_unknown,tfda_open_data_info37_cached_20260711
oral_liquid_00971,ind_unknown,tfda_open_data_info37_cached_20260711
oral_liquid_00972,ind_unknown,tfda_open_data_info37_cached_20260711
oral_liquid_00973,ind_unknown,tfda_open_data_info37_cached_20260711
oral_liquid_00974,ind_unknown,tfda_open_data_info37_cached_20260711
oral_liquid_00975,ind_unknown,tfda_open_data_info37_cached_20260711
oral_liquid_00976,ind_unknown,tfda_open_data_info37_cached_20260711
oral_liquid_00977,ind_unknown,tfda_open_data_info37_cached_20260711
oral_liquid_00978,ind_unknown,tfda_open_data_info37_cached_20260711
oral_liquid_00979,ind_unknown,tfda_open_data_info37_cached_20260711
oral_liquid_00980,ind_unknown,tfda_open_data_info37_cached_20260711
oral_liquid_00981,ind_unknown,tfda_open_data_info37_cached_20260711
oral_liquid_00982,ind_unknown,tfda_open_data_info37_cached_20260711
oral_liquid_00983,ind_unknown,tfda_open_data_info37_cached_20260711
oral_liquid_00984,ind_unknown,tfda_open_data_info37_cached_20260711
oral_liquid_00985,ind_unknown,tfda_open_data_info37_cached_20260711
oral_liquid_00986,ind_unknown,tfda_open_data_info37_cached_20260711
oral_liquid_00987,ind_unknown,tfda_open_data_info37_cached_20260711
oral_liquid_00988,ind_unknown,tfda_open_data_info37_cached_20260711
oral_liquid_00989,ind_unknown,tfda_open_data_info37_cached_20260711
oral_liquid_00990,ind_unknown,tfda_open_data_info37_cached_20260711
oral_liquid_00991,ind_unknown,tfda_open_data_info37_cached_20260711
oral_liquid_00992,ind_unknown,tfda_open_data_info37_cached_20260711
oral_liquid_00993,ind_unknown,tfda_open_data_info37_cached_20260711
oral_liquid_00994,ind_unknown,tfda_open_data_info37_cached_20260711
oral_liquid_00995,ind_unknown,tfda_open_data_info37_cached_20260711
oral_liquid_00996,ind_unknown,tfda_open_data_info37_cached_20260711
oral_liquid_00997,ind_unknown,tfda_open_data_info37_cached_20260711
oral_liquid_00998,ind_unknown,tfda_open_data_info37_cached_20260711
oral_liquid_00999,ind_unknown,tfda_open_data_info37_cached_20260711
oral_liquid_01000,ind_unknown,tfda_open_data_info37_cached_20260711
oral_liquid_01001,ind_bechet_biopsy_cytostatic_50,tfda_open_data_info37_cached_20260711
oral_liquid_01002,ind_unknown,tfda_open_data_info37_cached_20260711
oral_liquid_01003,ind_unknown,tfda_open_data_info37_cached_20260711
oral_liquid_01004,ind_unknown,tfda_open_data_info37_cached_20260711
oral_liquid_01005,ind_unknown,tfda_open_data_info37_cached_20260711
oral_liquid_01006,ind_unknown,tfda_open_data_info37_cached_20260711
oral_liquid_01007,ind_unknown,tfda_open_data_info37_cached_20260711
oral_liquid_01008,ind_unknown,tfda_open_data_info37_cached_20260711
oral_liquid_01009,ind_unknown,tfda_open_data_info37_cached_20260711
oral_liquid_01010,ind_unknown,tfda_open_data_info37_cached_20260711
oral_liquid_01011,ind_unknown,tfda_open_data_info37_cached_20260711
oral_liquid_01012,ind_unknown,tfda_open_data_info37_cached_20260711
oral_liquid_01013,ind_unknown,tfda_open_data_info37_cached_20260711
oral_liquid_01014,ind_unknown,tfda_open_data_info37_cached_20260711
oral_liquid_01015,ind_unknown,tfda_open_data_info37_cached_20260711
oral_liquid_01016,ind_unknown,tfda_open_data_info37_cached_20260711
oral_liquid_01017,ind_unknown,tfda_open_data_info37_cached_20260711
oral_liquid_01018,ind_2,tfda_open_data_info37_cached_20260711
oral_liquid_01019,ind_unknown,tfda_open_data_info37_cached_20260711
oral_liquid_01020,ind_unknown,tfda_open_data_info37_cached_20260711
oral_liquid_01021,ind_unknown,tfda_open_data_info37_cached_20260711
oral_liquid_01022,ind_unknown,tfda_open_data_info37_cached_20260711
oral_liquid_01023,ind_1_2_3,tfda_open_data_info37_cached_20260711
oral_liquid_01024,ind_3,tfda_open_data_info37_cached_20260711
oral_liquid_01025,ind_3,tfda_open_data_info37_cached_20260711
oral_liquid_01026,ind_unknown,tfda_open_data_info37_cached_20260711
oral_liquid_01027,ind_4_7,tfda_open_data_info37_cached_20260711
oral_liquid_01028,ind_1,tfda_open_data_info37_cached_20260711
oral_liquid_01029,ind_unknown,tfda_open_data_info37_cached_20260711
oral_liquid_01030,ind_2,tfda_open_data_info37_cached_20260711
oral_liquid_01031,ind_8,tfda_open_data_info37_cached_20260711
oral_liquid_01032,ind_unknown,tfda_open_data_info37_cached_20260711
oral_liquid_01033,ind_unknown,tfda_open_data_info37_cached_20260711
oral_liquid_01034,ind_unknown,tfda_open_data_info37_cached_20260711
